A\s*c\s*h\s*e\s*t\s*e\s*u\s*r,A\s*c\s*h\s*e\s*t\s*e\s*u\s*r\s* \s*i\s*n\s*d\s*u\s*s\s*t\s*r\s*i\s*e\s*l,A\s*c\s*h\s*e\s*t\s*e\s*u\s*r\s* \s*i\s*n\s*f\s*o\s*r\s*m\s*a\s*t\s*i\s*q\s*u\s*e,A\s*g\s*e\s*n\s*t\s* \s*d\s*e\s* \s*s\s*o\s*i\s*n,A\s*s\s*s\s*i\s*s\s*t\s*a\s*n\s*t\s* \s*a\s*c\s*h\s*a\s*t,A\s*s\s*s\s*i\s*s\s*t\s*a\s*n\s*t\s* \s*c\s*h\s*e\s*f\s* \s*d\s*e\s* \s*p\s*r\s*o\s*d\s*u\s*i\s*t\s* \s*t\s*o\s*u\s*r\s*i\s*s\s*m\s*e,C\s*h\s*a\s*r\s*g\s*(é|e)\s* \s*d\s*'\s*(é|e)\s*t\s*u\s*d\s*e\s*s\s* \s*m\s*a\s*r\s*k\s*e\s*t\s*i\s*n\s*g,C\s*o\s*n\s*d\s*u\s*c\s*t\s*e\s*u\s*r\s* \s*d\s*e\s* \s*t\s*r\s*a\s*v\s*a\s*u\s*x\s* \s*a\s*g\s*e\s*n\s*c\s*e\s*m\s*e\s*n\s*t,D\s*i\s*r\s*e\s*c\s*t\s*e\s*u\s*r\s* \s*a\s*c\s*h\s*a\s*t,I\s*n\s*g\s*(é|e)\s*n\s*i\s*e\s*u\s*r\s* \s*a\s*c\s*h\s*a\s*t,I\s*n\s*g\s*(é|e)\s*n\s*i\s*e\s*u\s*r\s* \s*d\s*'\s*(é|e)\s*t\s*u\s*d\s*e\s*s,R\s*e\s*s\s*p\s*o\s*n\s*s\s*a\s*b\s*l\s*e\s* \s*a\s*c\s*h\s*a\s*t\s*s,R\s*e\s*s\s*p\s*o\s*n\s*s\s*a\s*b\s*l\s*e\s* \s*a\s*p\s*p\s*r\s*o\s*v\s*i\s*s\s*i\s*o\s*n\s*n\s*e\s*m\s*e\s*n\s*t,T\s*(é|e)\s*l\s*(é|e)\s*o\s*p\s*(é|e)\s*r\s*a\s*t\s*e\s*u\s*r,S\s*T\s*A\s*G\s*E
A\s*d\s*j\s*o\s*i\s*n\s*t\s* \s*d\s*e\s*s\s* \s*c\s*a\s*d\s*r\s*e\s*s\s* \s*h\s*o\s*s\s*p\s*i\s*t\s*a\s*l\s*i\s*e\s*r\s*s,A\s*g\s*e\s*n\s*t\s* \s*a\s*d\s*m\s*i\s*n\s*i\s*s\s*t\s*r\s*a\s*t\s*i\s*f,A\s*g\s*e\s*n\s*t\s* \s*d\s*i\s*s\s*t\s*r\s*i\s*b\s*u\s*t\s*i\s*o\s*n\s* \s*c\s*o\s*u\s*r\s*r\s*i\s*e\s*r,A\s*g\s*e\s*n\s*t\s* \s*s\s*e\s*r\s*v\s*i\s*c\s*e\s*s\s* \s*g\s*(é|e)\s*n\s*(é|e)\s*r\s*a\s*u\s*x,A\s*s\s*s\s*i\s*s\s*t\s*a\s*n\s*t\s* \s*a\s*d\s*m\s*i\s*n\s*i\s*s\s*t\s*r\s*a\s*t\s*i\s*f,A\s*s\s*s\s*i\s*s\s*t\s*a\s*n\s*t\s* \s*d\s*e\s* \s*d\s*i\s*r\s*e\s*c\s*t\s*i\s*o\s*n,A\s*s\s*s\s*i\s*s\s*t\s*a\s*n\s*t\s* \s*p\s*o\s*l\s*y\s*v\s*a\s*l\s*e\s*n\s*t,A\s*s\s*s\s*i\s*s\s*t\s*a\s*n\s*t\s* \s*t\s*e\s*c\s*h\s*n\s*i\s*q\s*u\s*e,C\s*h\s*a\s*r\s*g\s*(é|e)\s* \s*d\s*e\s* \s*m\s*i\s*s\s*s\s*i\s*o\s*n\s* \s*h\s*a\s*n\s*d\s*i\s*c\s*a\s*p,C\s*o\s*l\s*l\s*a\s*b\s*o\s*r\s*a\s*t\s*e\s*u\s*r\s* \s*a\s*d\s*m\s*i\s*n\s*i\s*s\s*t\s*r\s*a\s*t\s*e\s*u\s*r\s* \s*j\s*u\s*d\s*i\s*c\s*i\s*a\s*i\s*r\s*e,D\s*a\s*c\s*t\s*y\s*l\s*o,D\s*i\s*r\s*e\s*c\s*t\s*e\s*u\s*r\s* \s*a\s*d\s*m\s*i\s*n\s*i\s*s\s*t\s*r\s*a\s*t\s*i\s*f\s* \s*f\s*i\s*n\s*a\s*n\s*c\s*i\s*e\s*r,D\s*i\s*r\s*e\s*c\s*t\s*e\s*u\s*r\s* \s*a\s*s\s*s\s*o\s*c\s*i\s*(é|e),D\s*i\s*r\s*e\s*c\s*t\s*e\s*u\s*r\s* \s*d\s*e\s*s\s* \s*s\s*e\s*r\s*v\s*i\s*c\s*e\s*s\s* \s*t\s*e\s*c\s*h\s*n\s*i\s*q\s*u\s*e\s*s,D\s*i\s*r\s*e\s*c\s*t\s*e\s*u\s*r\s* \s*g\s*(é|e)\s*n\s*(é|e)\s*r\s*a\s*l,E\s*m\s*p\s*l\s*o\s*y\s*(é|e)\s* \s*a\s*d\s*m\s*i\s*n\s*i\s*s\s*t\s*r\s*a\s*t\s*i\s*f,G\s*e\s*s\s*t\s*i\s*o\s*n\s*n\s*a\s*i\s*r\s*e\s* \s*a\s*d\s*m\s*i\s*n\s*i\s*s\s*t\s*r\s*a\s*t\s*i\s*f,G\s*r\s*e\s*f\s*f\s*i\s*e\s*r,R\s*e\s*s\s*p\s*o\s*n\s*s\s*a\s*b\s*l\s*e\s* \s*a\s*d\s*m\s*i\s*n\s*i\s*s\s*t\s*r\s*a\s*t\s*i\s*f,R\s*e\s*s\s*p\s*o\s*n\s*s\s*a\s*b\s*l\s*e\s* \s*d\s*e\s*s\s* \s*s\s*e\s*r\s*v\s*i\s*c\s*e\s*s\s* \s*g\s*(é|e)\s*n\s*(é|e)\s*r\s*a\s*u\s*x,S\s*e\s*c\s*r\s*(é|e)\s*t\s*a\s*i\s*r\s*e\s* \s*g\s*(é|e)\s*n\s*(é|e)\s*r\s*a\s*l,S\s*t\s*a\s*n\s*d\s*a\s*r\s*d\s*i\s*s\s*t\s*e,T\s*r\s*a\s*d\s*u\s*c\s*t\s*e\s*u\s*r,S\s*T\s*A\s*G\s*E
A\s*g\s*e\s*n\s*t\s* \s*d\s*'\s*(é|e)\s*l\s*e\s*v\s*a\s*g\s*e,A\s*g\s*e\s*n\s*t\s* \s*v\s*i\s*t\s*i\s*c\s*o\s*l\s*e,A\s*g\s*r\s*i\s*c\s*u\s*l\s*t\s*e\s*u\s*r,A\s*p\s*i\s*c\s*u\s*l\s*t\s*e\s*u\s*r,B\s*û\s*c\s*h\s*e\s*r\s*o\s*n,C\s*h\s*a\s*u\s*f\s*f\s*e\s*u\s*r\s* \s*a\s*g\s*r\s*i\s*c\s*o\s*l\s*e,C\s*o\s*n\s*s\s*e\s*i\s*l\s*l\s*e\s*r\s* \s*f\s*o\s*n\s*c\s*i\s*e\s*r,C\s*u\s*e\s*i\s*l\s*l\s*e\s*u\s*r,E\s*l\s*e\s*v\s*e\s*u\s*r,H\s*o\s*r\s*t\s*i\s*c\s*u\s*l\s*t\s*e\s*u\s*r,I\s*n\s*g\s*(é|e)\s*n\s*i\s*e\s*u\s*r\s* \s*a\s*g\s*r\s*i\s*c\s*o\s*l\s*e,I\s*n\s*g\s*(é|e)\s*n\s*i\s*e\s*u\s*r\s* \s*a\s*g\s*r\s*o\s*n\s*o\s*m\s*e,M\s*a\s*g\s*a\s*s\s*i\s*n\s*i\s*e\s*r\s* \s*a\s*g\s*r\s*i\s*c\s*o\s*l\s*e,M\s*a\s*r\s*a\s*î\s*c\s*h\s*e\s*r,M\s*(é|e)\s*c\s*a\s*n\s*i\s*c\s*i\s*e\s*n\s* \s*a\s*g\s*r\s*i\s*c\s*o\s*l\s*e,O\s*u\s*v\s*r\s*i\s*e\s*r\s* \s*a\s*g\s*r\s*i\s*c\s*o\s*l\s*e,P\s*a\s*l\s*e\s*f\s*r\s*e\s*n\s*i\s*e\s*r,P\s*(é|e)\s*p\s*i\s*n\s*i\s*(é|e)\s*r\s*i\s*s\s*t\s*e,V\s*e\s*n\s*d\s*a\s*n\s*g\s*e\s*u\s*r,S\s*T\s*A\s*G\s*E
B\s*o\s*u\s*c\s*h\s*e\s*r,B\s*o\s*u\s*l\s*a\s*n\s*g\s*e\s*r,C\s*a\s*v\s*i\s*s\s*t\s*e,C\s*h\s*a\s*r\s*c\s*u\s*t\s*i\s*e\s*r,C\s*h\s*a\s*r\s*c\s*u\s*t\s*i\s*e\s*r\s*-\s*t\s*r\s*a\s*i\s*t\s*e\s*u\s*r,C\s*h\s*e\s*f\s* \s*b\s*o\s*u\s*c\s*h\s*e\s*r,C\s*h\s*o\s*c\s*o\s*l\s*a\s*t\s*i\s*e\s*r,C\s*u\s*i\s*s\s*i\s*n\s*i\s*e\s*r\s* \s*t\s*r\s*a\s*i\s*t\s*e\s*u\s*r,D\s*(é|e)\s*s\s*o\s*s\s*s\s*e\s*u\s*r,F\s*r\s*o\s*m\s*a\s*g\s*e\s*r,G\s*l\s*a\s*c\s*i\s*e\s*r,P\s*i\s*z\s*z\s*a\s*i\s*o\s*l\s*o,P\s*â\s*t\s*i\s*s\s*s\s*i\s*e\s*r\s* \s*c\s*h\s*o\s*c\s*o\s*l\s*a\s*t\s*i\s*e\s*r,R\s*e\s*s\s*p\s*o\s*n\s*s\s*a\s*b\s*l\s*e\s* \s*q\s*u\s*a\s*l\s*i\s*t\s*(é|e)\s* \s*a\s*g\s*r\s*o\s*a\s*l\s*i\s*m\s*e\s*n\s*t\s*a\s*i\s*r\s*e,S\s*T\s*A\s*G\s*E
G\s*(é|e)\s*o\s*g\s*r\s*a\s*p\s*h\s*e,U\s*r\s*b\s*a\s*n\s*i\s*s\s*t\s*e,S\s*T\s*A\s*G\s*E
A\s*r\s*c\s*h\s*i\s*t\s*e\s*c\s*t\s*e,A\s*r\s*c\s*h\s*i\s*t\s*e\s*c\s*t\s*e\s* \s*d\s*'\s*i\s*n\s*t\s*(é|e)\s*r\s*i\s*e\s*u\s*r,A\s*s\s*s\s*i\s*s\s*t\s*a\s*n\s*t\s* \s*a\s*r\s*c\s*h\s*i\s*t\s*e\s*c\s*t\s*e,B\s*I\s*M\s* \s*M\s*a\s*n\s*a\s*g\s*e\s*r,C\s*a\s*r\s*t\s*o\s*g\s*r\s*a\s*p\s*h\s*e,C\s*o\s*l\s*l\s*a\s*b\s*o\s*r\s*a\s*t\s*e\s*u\s*r\s* \s*d\s*'\s*a\s*r\s*c\s*h\s*i\s*t\s*e\s*c\s*t\s*e,D\s*(é|e)\s*c\s*o\s*r\s*a\s*t\s*e\s*u\s*r,P\s*a\s*y\s*s\s*a\s*g\s*i\s*s\s*t\s*e,S\s*T\s*A\s*G\s*E
B\s*i\s*j\s*o\s*u\s*t\s*i\s*e\s*r,C\s*a\s*r\s*r\s*e\s*l\s*e\s*u\s*r,C\s*h\s*a\s*r\s*p\s*e\s*n\s*t\s*i\s*e\s*r,C\s*h\s*a\s*r\s*p\s*e\s*n\s*t\s*i\s*e\s*r\s* \s*c\s*o\s*u\s*v\s*r\s*e\s*u\s*r,C\s*h\s*a\s*u\s*d\s*r\s*o\s*n\s*n\s*i\s*e\s*r,C\s*o\s*r\s*d\s*o\s*n\s*n\s*i\s*e\s*r,C\s*o\s*u\s*t\s*u\s*r\s*i\s*e\s*r,E\s*b\s*(é|e)\s*n\s*i\s*s\s*t\s*e,F\s*e\s*r\s*r\s*o\s*n\s*n\s*i\s*e\s*r,F\s*l\s*e\s*u\s*r\s*i\s*s\s*t\s*e,F\s*o\s*r\s*g\s*e\s*r\s*o\s*n,G\s*e\s*m\s*m\s*o\s*l\s*o\s*g\s*u\s*e,G\s*r\s*a\s*v\s*e\s*u\s*r,H\s*o\s*r\s*l\s*o\s*g\s*e\s*r,I\s*m\s*p\s*r\s*i\s*m\s*e\s*u\s*r,M\s*a\s*r\s*o\s*q\s*u\s*i\s*n\s*i\s*e\s*r,M\s*a\s*r\s*(é|e)\s*c\s*h\s*a\s*l\s* \s*f\s*e\s*r\s*r\s*a\s*n\s*t,M\s*e\s*n\s*u\s*i\s*s\s*i\s*e\s*r,M\s*e\s*n\s*u\s*i\s*s\s*i\s*e\s*r\s* \s*p\s*o\s*s\s*e\s*u\s*r\s* \s*a\s*l\s*u\s*m\s*i\s*n\s*i\s*u\s*m,M\s*e\s*n\s*u\s*i\s*s\s*i\s*e\s*r\s*-\s*a\s*g\s*e\s*n\s*c\s*e\s*u\s*r,M\s*(é|e)\s*t\s*a\s*l\s*l\s*i\s*e\s*r\s* \s*s\s*e\s*r\s*r\s*u\s*r\s*i\s*e\s*r,O\s*u\s*v\s*r\s*i\s*e\s*r\s* \s*b\s*o\s*u\s*l\s*a\s*n\s*g\s*e\s*r,P\s*o\s*s\s*e\s*u\s*r\s* \s*c\s*u\s*i\s*s\s*i\s*n\s*e,P\s*â\s*t\s*i\s*s\s*s\s*i\s*e\s*r\s* \s*t\s*o\s*u\s*r\s*i\s*e\s*r,P\s*ê\s*c\s*h\s*e\s*u\s*r,R\s*e\s*l\s*i\s*e\s*u\s*r,S\s*e\s*r\s*r\s*u\s*r\s*i\s*e\s*r,S\s*t\s*y\s*l\s*i\s*s\s*t\s*e,T\s*a\s*i\s*l\s*l\s*e\s*u\s*r\s* \s*d\s*e\s* \s*p\s*i\s*e\s*r\s*r\s*e,T\s*a\s*p\s*i\s*s\s*s\s*i\s*e\s*r,S\s*T\s*A\s*G\s*E
A\s*c\s*t\s*u\s*a\s*i\s*r\s*e,C\s*o\s*l\s*l\s*a\s*b\s*o\s*r\s*a\s*t\s*e\s*u\s*r\s* \s*a\s*g\s*e\s*n\s*c\s*e\s* \s*a\s*s\s*s\s*u\s*r\s*a\s*n\s*c\s*e\s*s,C\s*o\s*m\s*p\s*t\s*a\s*b\s*l\s*e\s* \s*a\s*s\s*s\s*u\s*r\s*a\s*n\s*c\s*e,C\s*o\s*n\s*s\s*e\s*i\s*l\s*l\s*e\s*r\s* \s*c\s*o\s*m\s*m\s*e\s*r\s*c\s*i\s*a\s*l\s* \s*a\s*s\s*s\s*u\s*r\s*a\s*n\s*c\s*e,C\s*o\s*n\s*s\s*e\s*i\s*l\s*l\s*e\s*r\s* \s*m\s*u\s*t\s*u\s*a\s*l\s*i\s*s\s*t\s*e,C\s*o\s*u\s*r\s*t\s*i\s*e\s*r,C\s*o\s*u\s*r\s*t\s*i\s*e\s*r\s* \s*e\s*n\s* \s*a\s*s\s*s\s*u\s*r\s*a\s*n\s*c\s*e\s*s,E\s*x\s*p\s*e\s*r\s*t\s* \s*e\s*n\s* \s*a\s*s\s*s\s*u\s*r\s*a\s*n\s*c\s*e\s*s,E\s*x\s*p\s*e\s*r\s*t\s* \s*e\s*n\s* \s*s\s*i\s*n\s*i\s*s\s*t\s*r\s*e\s*s,G\s*e\s*s\s*t\s*i\s*o\s*n\s*n\s*a\s*i\s*r\s*e\s* \s*c\s*o\s*n\s*t\s*r\s*a\s*t\s*s,G\s*e\s*s\s*t\s*i\s*o\s*n\s*n\s*a\s*i\s*r\s*e\s* \s*d\s*'\s*a\s*s\s*s\s*u\s*r\s*a\s*n\s*c\s*e\s*s,G\s*e\s*s\s*t\s*i\s*o\s*n\s*n\s*a\s*i\s*r\s*e\s* \s*f\s*r\s*a\s*i\s*s\s* \s*d\s*e\s* \s*s\s*a\s*n\s*t\s*(é|e),G\s*e\s*s\s*t\s*i\s*o\s*n\s*n\s*a\s*i\s*r\s*e\s* \s*m\s*i\s*d\s*d\s*l\s*e\s* \s*o\s*f\s*f\s*i\s*c\s*e,S\s*o\s*u\s*s\s*c\s*r\s*i\s*p\s*t\s*e\s*u\s*r,S\s*T\s*A\s*G\s*E
A\s*n\s*a\s*l\s*y\s*s\s*t\s*e\s* \s*c\s*r\s*(é|e)\s*d\s*i\s*t,C\s*h\s*a\s*r\s*g\s*(é|e)\s* \s*d\s*e\s* \s*c\s*l\s*i\s*e\s*n\s*t\s*è\s*l\s*e,C\s*h\s*a\s*r\s*g\s*(é|e)\s* \s*d\s*e\s* \s*c\s*o\s*n\s*f\s*o\s*r\s*m\s*i\s*t\s*(é|e),C\s*o\s*n\s*s\s*e\s*i\s*l\s*l\s*e\s*r\s* \s*a\s*c\s*c\s*u\s*e\s*i\s*l\s* \s*b\s*a\s*n\s*q\s*u\s*e,C\s*o\s*n\s*s\s*e\s*i\s*l\s*l\s*e\s*r\s* \s*c\s*l\s*i\s*e\s*n\s*t\s*è\s*l\s*e,D\s*a\s*b\s*i\s*s\s*t\s*e,D\s*i\s*r\s*e\s*c\s*t\s*e\s*u\s*r\s* \s*d\s*'\s*a\s*g\s*e\s*n\s*c\s*e,G\s*e\s*s\s*t\s*i\s*o\s*n\s*n\s*a\s*i\s*r\s*e\s* \s*b\s*a\s*c\s*k\s* \s*o\s*f\s*f\s*i\s*c\s*e,G\s*u\s*i\s*c\s*h\s*e\s*t\s*i\s*e\s*r,R\s*e\s*s\s*p\s*o\s*n\s*s\s*a\s*b\s*l\s*e\s* \s*r\s*e\s*c\s*o\s*u\s*v\s*r\s*e\s*m\s*e\s*n\s*t,S\s*T\s*A\s*G\s*E
A\s*i\s*d\s*e\s*-\s*m\s*a\s*ç\s*o\s*n,A\s*s\s*s\s*i\s*s\s*t\s*a\s*n\s*t\s* \s*t\s*r\s*a\s*v\s*a\s*u\s*x,B\s*a\s*n\s*c\s*h\s*e\s*u\s*r,B\s*a\s*r\s*d\s*e\s*u\s*r,C\s*a\s*l\s*o\s*r\s*i\s*f\s*u\s*g\s*e\s*u\s*r,C\s*a\s*n\s*a\s*l\s*i\s*s\s*a\s*t\s*e\s*u\s*r,C\s*h\s*a\s*r\s*g\s*(é|e)\s* \s*d\s*'\s*a\s*f\s*f\s*a\s*i\s*r\s*e\s*s\s* \s*b\s*t\s*p,C\s*h\s*a\s*u\s*f\s*f\s*a\s*g\s*i\s*s\s*t\s*e,C\s*h\s*a\s*u\s*f\s*f\s*e\s*u\s*r\s* \s*t\s*p,C\s*h\s*e\s*f\s* \s*d\s*'\s*(é|e)\s*q\s*u\s*i\s*p\s*e\s* \s*T\s*P,C\s*h\s*e\s*f\s* \s*d\s*'\s*(é|e)\s*q\s*u\s*i\s*p\s*e\s* \s*v\s*r\s*d,C\s*h\s*e\s*f\s* \s*d\s*e\s* \s*c\s*h\s*a\s*n\s*t\s*i\s*e\s*r,C\s*o\s*f\s*f\s*r\s*e\s*u\s*r,C\s*o\s*f\s*f\s*r\s*e\s*u\s*r\s* \s*b\s*a\s*n\s*c\s*h\s*e\s*u\s*r,C\s*o\s*f\s*f\s*r\s*e\s*u\s*r\s* \s*b\s*o\s*i\s*s\s*e\s*u\s*r,C\s*o\s*n\s*d\s*u\s*c\s*t\s*e\s*u\s*r\s* \s*d\s*e\s* \s*g\s*r\s*u\s*e\s* \s*m\s*o\s*b\s*i\s*l\s*e,C\s*o\s*n\s*d\s*u\s*c\s*t\s*e\s*u\s*r\s* \s*d\s*e\s* \s*n\s*a\s*c\s*e\s*l\s*l\s*e,C\s*o\s*n\s*d\s*u\s*c\s*t\s*e\s*u\s*r\s* \s*d\s*e\s* \s*p\s*e\s*l\s*l\s*e,C\s*o\s*n\s*d\s*u\s*c\s*t\s*e\s*u\s*r\s* \s*d\s*e\s* \s*t\s*r\s*a\s*v\s*a\s*u\s*x,C\s*o\s*n\s*d\s*u\s*c\s*t\s*e\s*u\s*r\s* \s*e\s*n\s*g\s*i\s*n\s*s,C\s*o\s*n\s*t\s*r\s*e\s*m\s*a\s*i\s*t\s*r\s*e,C\s*o\s*o\s*r\s*d\s*i\s*n\s*a\s*t\s*e\s*u\s*r\s* \s*t\s*e\s*c\s*h\s*n\s*i\s*q\s*u\s*e,C\s*o\s*r\s*d\s*i\s*s\s*t\s*e,C\s*o\s*u\s*r\s*t\s*i\s*e\s*r\s* \s*t\s*r\s*a\s*v\s*a\s*u\s*x,C\s*o\s*u\s*v\s*r\s*e\s*u\s*r,C\s*o\s*u\s*v\s*r\s*e\s*u\s*r\s* \s*z\s*i\s*n\s*g\s*u\s*e\s*u\s*r,C\s*u\s*i\s*s\s*i\s*n\s*i\s*s\s*t\s*e,C\s*â\s*b\s*l\s*e\s*u\s*r,D\s*e\s*s\s*s\s*i\s*n\s*a\s*t\s*e\s*u\s*r\s* \s*p\s*r\s*o\s*j\s*e\s*t\s*e\s*u\s*r\s* \s*(é|e)\s*l\s*e\s*c\s*t\s*r\s*i\s*c\s*i\s*t\s*(é|e),D\s*e\s*s\s*s\s*i\s*n\s*a\s*t\s*e\s*u\s*r\s*-\s*p\s*r\s*o\s*j\s*e\s*t\s*e\s*u\s*r\s* \s*b\s*â\s*t\s*i\s*m\s*e\s*n\s*t,D\s*e\s*v\s*i\s*s\s*e\s*u\s*r,D\s*i\s*a\s*g\s*n\s*o\s*s\s*t\s*i\s*q\s*u\s*e\s*u\s*r\s* \s*i\s*m\s*m\s*o\s*b\s*i\s*l\s*i\s*e\s*r,D\s*i\s*r\s*e\s*c\s*t\s*e\s*u\s*r\s* \s*t\s*r\s*a\s*v\s*a\s*u\s*x,D\s*(é|e)\s*s\s*a\s*m\s*i\s*a\s*n\s*t\s*e\s*u\s*r,E\s*c\s*h\s*a\s*f\s*a\s*u\s*d\s*e\s*u\s*r,E\s*c\s*o\s*n\s*o\s*m\s*i\s*s\s*t\s*e\s* \s*d\s*e\s* \s*l\s*a\s* \s*c\s*o\s*n\s*s\s*t\s*r\s*u\s*c\s*t\s*i\s*o\s*n,E\s*l\s*e\s*c\s*t\s*r\s*i\s*c\s*i\s*e\s*n,E\s*l\s*e\s*c\s*t\s*r\s*i\s*c\s*i\s*e\s*n\s* \s*d\s*u\s* \s*b\s*â\s*t\s*i\s*m\s*e\s*n\s*t,E\s*t\s*a\s*n\s*c\s*h\s*e\s*u\s*r,F\s*a\s*ç\s*a\s*d\s*i\s*e\s*r,F\s*e\s*r\s*r\s*a\s*i\s*l\s*l\s*e\s*u\s*r,F\s*i\s*n\s*i\s*s\s*s\s*e\s*u\s*r,F\s*o\s*r\s*e\s*u\s*r,F\s*o\s*r\s*m\s*a\s*t\s*e\s*u\s*r\s* \s*C\s*A\s*C\s*E\s*S,F\s*r\s*i\s*g\s*o\s*r\s*i\s*s\s*t\s*e,G\s*r\s*u\s*t\s*i\s*e\s*r,G\s*r\s*u\s*t\s*i\s*e\s*r\s* \s*m\s*o\s*b\s*i\s*l\s*e,G\s*(é|e)\s*o\s*m\s*è\s*t\s*r\s*e\s* \s*t\s*o\s*p\s*o\s*g\s*r\s*a\s*p\s*h\s*e,I\s*n\s*g\s*(é|e)\s*n\s*i\s*e\s*u\s*r\s* \s*B\s*T\s*P,I\s*n\s*g\s*(é|e)\s*n\s*i\s*e\s*u\s*r\s* \s*c\s*o\s*n\s*s\s*t\s*r\s*u\s*c\s*t\s*i\s*o\s*n,I\s*n\s*g\s*(é|e)\s*n\s*i\s*e\s*u\s*r\s* \s*e\s*f\s*f\s*i\s*c\s*a\s*c\s*i\s*t\s*(é|e)\s* \s*(é|e)\s*n\s*e\s*r\s*g\s*(é|e)\s*t\s*i\s*q\s*u\s*e,I\s*n\s*g\s*(é|e)\s*n\s*i\s*e\s*u\s*r\s* \s*g\s*(é|e)\s*o\s*t\s*e\s*c\s*h\s*n\s*i\s*c\s*i\s*e\s*n,I\s*n\s*g\s*(é|e)\s*n\s*i\s*e\s*u\s*r\s* \s*s\s*t\s*r\s*u\s*c\s*t\s*u\s*r\s*e\s*s,I\s*n\s*g\s*(é|e)\s*n\s*i\s*e\s*u\s*r\s* \s*t\s*r\s*a\s*v\s*a\s*u\s*x,I\s*n\s*g\s*(é|e)\s*n\s*i\s*e\s*u\s*r\s* \s*(é|e)\s*t\s*u\s*d\s*e\s*s\s* \s*d\s*e\s* \s*p\s*r\s*i\s*x,M\s*a\s*n\s*o\s*e\s*u\s*v\s*r\s*e,M\s*a\s*ç\s*o\s*n,M\s*e\s*n\s*u\s*i\s*s\s*i\s*e\s*r\s* \s*a\s*l\s*u\s*m\s*i\s*n\s*i\s*u\s*m,M\s*e\s*n\s*u\s*i\s*s\s*i\s*e\s*r\s* \s*p\s*o\s*s\s*e\s*u\s*r,M\s*i\s*r\s*o\s*i\s*t\s*i\s*e\s*r,M\s*(é|e)\s*t\s*r\s*e\s*u\s*r,O\s*u\s*v\s*r\s*i\s*e\s*r\s* \s*q\s*u\s*a\s*l\s*i\s*f\s*i\s*(é|e),O\s*u\s*v\s*r\s*i\s*e\s*r\s* \s*v\s*r\s*d,P\s*e\s*i\s*n\s*t\s*r\s*e\s* \s*e\s*n\s* \s*b\s*â\s*t\s*i\s*m\s*e\s*n\s*t,P\s*l\s*a\s*q\s*u\s*i\s*s\s*t\s*e,P\s*l\s*o\s*m\s*b\s*i\s*e\s*r,P\s*l\s*â\s*t\s*r\s*i\s*e\s*r,P\s*o\s*l\s*i\s*s\s*s\s*e\s*u\s*r,R\s*a\s*m\s*o\s*n\s*e\s*u\s*r,S\s*o\s*l\s*i\s*e\s*r\s* \s*m\s*o\s*q\s*u\s*e\s*t\s*t\s*i\s*s\s*t\s*e,T\s*e\s*c\s*h\s*n\s*i\s*c\s*i\s*e\s*n\s* \s*b\s*â\s*t\s*i\s*m\s*e\s*n\s*t,S\s*T\s*A\s*G\s*E
A\s*r\s*o\s*m\s*a\s*t\s*i\s*c\s*i\s*e\s*n,B\s*i\s*o\s*c\s*h\s*i\s*m\s*i\s*s\s*t\s*e,I\s*n\s*g\s*(é|e)\s*n\s*i\s*e\s*u\s*r\s* \s*c\s*h\s*i\s*m\s*i\s*s\s*t\s*e,I\s*n\s*g\s*(é|e)\s*n\s*i\s*e\s*u\s*r\s* \s*f\s*o\s*r\s*m\s*u\s*l\s*a\s*t\s*i\s*o\s*n,I\s*n\s*g\s*(é|e)\s*n\s*i\s*e\s*u\s*r\s* \s*g\s*(é|e)\s*n\s*i\s*e\s* \s*c\s*h\s*i\s*m\s*i\s*q\s*u\s*e,L\s*a\s*b\s*o\s*r\s*a\s*n\s*t\s*i\s*n,T\s*e\s*c\s*h\s*n\s*i\s*c\s*i\s*e\s*n\s* \s*c\s*h\s*i\s*m\s*i\s*s\s*t\s*e,T\s*e\s*c\s*h\s*n\s*i\s*c\s*i\s*e\s*n\s* \s*d\s*e\s* \s*l\s*a\s*b\s*o\s*r\s*a\s*t\s*o\s*i\s*r\s*e,S\s*T\s*A\s*G\s*E
A\s*g\s*e\s*n\s*t\s* \s*c\s*o\s*m\s*m\s*e\s*r\s*c\s*i\s*a\s*l,A\s*s\s*s\s*i\s*s\s*t\s*a\s*n\s*t\s* \s*a\s*d\s*m\s*i\s*n\s*i\s*s\s*t\s*r\s*a\s*t\s*i\s*f\s* \s*c\s*o\s*m\s*m\s*e\s*r\s*c\s*i\s*a\s*l,A\s*s\s*s\s*i\s*s\s*t\s*a\s*n\s*t\s* \s*c\s*o\s*m\s*m\s*e\s*r\s*c\s*i\s*a\s*l,A\s*s\s*s\s*i\s*s\s*t\s*a\s*n\s*t\s* \s*e\s*x\s*p\s*o\s*r\s*t,B\s*u\s*r\s*a\s*l\s*i\s*s\s*t\s*e,B\s*u\s*s\s*i\s*n\s*e\s*s\s*s\s* \s*d\s*e\s*v\s*e\s*l\s*o\s*p\s*e\s*r,C\s*h\s*a\s*r\s*g\s*(é|e)\s* \s*d\s*'\s*a\s*f\s*f\s*a\s*i\s*r\s*e\s*s,C\s*h\s*a\s*r\s*g\s*(é|e)\s* \s*d\s*e\s* \s*d\s*(é|e)\s*v\s*e\s*l\s*o\s*p\s*p\s*e\s*m\s*e\s*n\s*t\s* \s*c\s*o\s*m\s*m\s*e\s*r\s*c\s*i\s*a\s*l,C\s*h\s*e\s*f\s* \s*d\s*e\s* \s*p\s*r\s*o\s*j\s*e\s*t\s* \s*C\s*R\s*M,C\s*h\s*e\s*f\s* \s*d\s*e\s* \s*p\s*r\s*o\s*j\s*e\s*t\s* \s*e\s*-\s*c\s*o\s*m\s*m\s*e\s*r\s*c\s*e,C\s*h\s*e\s*f\s* \s*d\s*e\s* \s*s\s*e\s*c\s*t\s*e\s*u\s*r\s* \s*c\s*o\s*m\s*m\s*e\s*r\s*c\s*e,C\s*h\s*e\s*f\s* \s*d\s*e\s* \s*z\s*o\s*n\s*e\s* \s*e\s*x\s*p\s*o\s*r\s*t,C\s*h\s*e\s*f\s* \s*d\s*e\s*s\s* \s*v\s*e\s*n\s*t\s*e\s*s,C\s*l\s*i\s*e\s*n\s*t\s* \s*m\s*y\s*s\s*t\s*è\s*r\s*e,C\s*o\s*m\s*m\s*e\s*r\s*c\s*i\s*a\s*l,C\s*o\s*m\s*m\s*e\s*r\s*c\s*i\s*a\s*l\s* \s*B\s* \s*t\s*o\s* \s*C,C\s*o\s*m\s*m\s*e\s*r\s*c\s*i\s*a\s*l\s* \s*C\s*H\s*R,C\s*o\s*m\s*m\s*e\s*r\s*c\s*i\s*a\s*l\s* \s*G\s*M\s*S,C\s*o\s*m\s*m\s*e\s*r\s*c\s*i\s*a\s*l\s* \s*a\s*u\s*t\s*o\s*m\s*o\s*b\s*i\s*l\s*e,C\s*o\s*m\s*m\s*e\s*r\s*c\s*i\s*a\s*l\s* \s*b\s* \s*t\s*o\s* \s*b,C\s*o\s*m\s*m\s*e\s*r\s*c\s*i\s*a\s*l\s* \s*e\s*x\s*p\s*o\s*r\s*t,C\s*o\s*m\s*m\s*e\s*r\s*c\s*i\s*a\s*l\s* \s*s\s*(é|e)\s*d\s*e\s*n\s*t\s*a\s*i\s*r\s*e,C\s*o\s*m\s*m\s*e\s*r\s*ç\s*a\s*n\s*t,C\s*o\s*n\s*s\s*e\s*i\s*l\s*l\s*e\s*r\s* \s*c\s*o\s*m\s*m\s*e\s*r\s*c\s*i\s*a\s*l,C\s*o\s*n\s*t\s*r\s*a\s*c\s*t\s* \s*m\s*a\s*n\s*a\s*g\s*e\s*r,D\s*i\s*r\s*e\s*c\s*t\s*e\s*u\s*r\s* \s*b\s*u\s*s\s*i\s*n\s*e\s*s\s*s\s* \s*u\s*n\s*i\s*t,D\s*i\s*r\s*e\s*c\s*t\s*e\s*u\s*r\s* \s*c\s*o\s*m\s*m\s*e\s*r\s*c\s*i\s*a\s*l,D\s*i\s*r\s*e\s*c\s*t\s*e\s*u\s*r\s* \s*c\s*o\s*m\s*m\s*e\s*r\s*c\s*i\s*a\s*l\s* \s*e\s*x\s*p\s*o\s*r\s*t,D\s*i\s*r\s*e\s*c\s*t\s*e\s*u\s*r\s* \s*d\s*e\s* \s*c\s*o\s*m\s*p\s*t\s*e\s*s,D\s*i\s*r\s*e\s*c\s*t\s*e\s*u\s*r\s* \s*d\s*e\s*s\s* \s*o\s*p\s*(é|e)\s*r\s*a\s*t\s*i\s*o\s*n\s*s,D\s*i\s*r\s*e\s*c\s*t\s*e\s*u\s*r\s* \s*d\s*e\s*s\s* \s*v\s*e\s*n\s*t\s*e\s*s,D\s*i\s*r\s*e\s*c\s*t\s*e\s*u\s*r\s* \s*d\s*u\s* \s*d\s*(é|e)\s*v\s*e\s*l\s*o\s*p\s*p\s*e\s*m\s*e\s*n\s*t,D\s*i\s*r\s*e\s*c\s*t\s*e\s*u\s*r\s* \s*r\s*(é|e)\s*g\s*i\s*o\s*n\s*a\s*l,D\s*(é|e)\s*l\s*(é|e)\s*g\s*u\s*(é|e)\s* \s*c\s*o\s*m\s*m\s*e\s*r\s*c\s*i\s*a\s*l,D\s*(é|e)\s*l\s*(é|e)\s*g\s*u\s*(é|e)\s* \s*v\s*(é|e)\s*t\s*(é|e)\s*r\s*i\s*n\s*a\s*i\s*r\s*e,E\s*m\s*p\s*l\s*o\s*y\s*(é|e)\s* \s*d\s*e\s* \s*p\s*h\s*a\s*r\s*m\s*a\s*c\s*i\s*e,I\s*n\s*g\s*(é|e)\s*n\s*i\s*e\s*u\s*r\s* \s*a\s*v\s*a\s*n\s*t\s*-\s*v\s*e\s*n\s*t\s*e,I\s*n\s*g\s*(é|e)\s*n\s*i\s*e\s*u\s*r\s* \s*c\s*o\s*m\s*m\s*e\s*r\s*c\s*i\s*a\s*l,I\s*n\s*g\s*(é|e)\s*n\s*i\s*e\s*u\s*r\s* \s*d\s*'\s*a\s*f\s*f\s*a\s*i\s*r\s*e\s*s,I\s*n\s*g\s*(é|e)\s*n\s*i\s*e\s*u\s*r\s* \s*t\s*e\s*c\s*h\s*n\s*i\s*c\s*o\s*-\s*c\s*o\s*m\s*m\s*e\s*r\s*c\s*i\s*a\s*l,O\s*p\s*t\s*i\s*c\s*i\s*e\s*n,P\s*o\s*i\s*s\s*s\s*o\s*n\s*n\s*i\s*e\s*r,P\s*r\s*o\s*m\s*o\s*t\s*e\s*u\s*r\s* \s*d\s*e\s*s\s* \s*v\s*e\s*n\s*t\s*e\s*s,R\s*e\s*s\s*p\s*o\s*n\s*s\s*a\s*b\s*l\s*e\s* \s*e\s*-\s*c\s*o\s*m\s*m\s*e\s*r\s*c\s*e,R\s*e\s*s\s*p\s*o\s*n\s*s\s*a\s*b\s*l\s*e\s* \s*g\s*r\s*a\s*n\s*d\s*s\s* \s*c\s*o\s*m\s*p\s*t\s*e\s*s,S\s*k\s*i\s*m\s*a\s*n,T\s*e\s*c\s*h\s*n\s*i\s*c\s*o\s*-\s*c\s*o\s*m\s*m\s*e\s*r\s*c\s*i\s*a\s*l,T\s*(é|e)\s*l\s*(é|e)\s*c\s*o\s*n\s*s\s*e\s*i\s*l\s*l\s*e\s*r,V\s*R\s*P,S\s*T\s*A\s*G\s*E
A\s*s\s*s\s*i\s*s\s*t\s*a\s*n\s*t\s* \s*c\s*h\s*e\s*f\s* \s*d\s*e\s* \s*p\s*r\s*o\s*j\s*e\s*t,A\s*s\s*s\s*i\s*s\s*t\s*a\s*n\s*t\s* \s*d\s*e\s* \s*c\s*o\s*m\s*m\s*u\s*n\s*i\s*c\s*a\s*t\s*i\s*o\s*n,A\s*t\s*t\s*a\s*c\s*h\s*(é|e)\s* \s*d\s*e\s* \s*p\s*r\s*e\s*s\s*s\s*e,C\s*h\s*a\s*r\s*g\s*(é|e)\s* \s*d\s*e\s* \s*c\s*o\s*m\s*m\s*u\s*n\s*i\s*c\s*a\s*t\s*i\s*o\s*n,C\s*h\s*a\s*r\s*g\s*(é|e)\s* \s*d\s*e\s* \s*c\s*o\s*m\s*m\s*u\s*n\s*i\s*c\s*a\s*t\s*i\s*o\s*n\s* \s*(é|e)\s*v\s*(é|e)\s*n\s*e\s*m\s*e\s*n\s*t\s*i\s*e\s*l\s*l\s*e,C\s*h\s*a\s*r\s*g\s*(é|e)\s* \s*d\s*e\s* \s*r\s*e\s*l\s*a\s*t\s*i\s*o\s*n\s*s\s* \s*p\s*u\s*b\s*l\s*i\s*q\s*u\s*e\s*s,C\s*h\s*e\s*f\s* \s*d\s*e\s* \s*p\s*r\s*o\s*j\s*e\s*t\s* \s*c\s*o\s*m\s*m\s*u\s*n\s*i\s*c\s*a\s*t\s*i\s*o\s*n,C\s*h\s*e\s*f\s* \s*d\s*e\s* \s*p\s*u\s*b\s*l\s*i\s*c\s*i\s*t\s*(é|e),C\s*o\s*n\s*s\s*e\s*i\s*l\s*l\s*e\s*r\s* \s*e\s*n\s* \s*i\s*m\s*a\s*g\s*e,D\s*i\s*r\s*e\s*c\s*t\s*e\s*u\s*r\s* \s*d\s*e\s* \s*l\s*a\s* \s*c\s*o\s*m\s*m\s*u\s*n\s*i\s*c\s*a\s*t\s*i\s*o\s*n,D\s*o\s*c\s*u\s*m\s*e\s*n\s*t\s*a\s*l\s*i\s*s\s*t\s*e\s* \s*g\s*e\s*d,G\s*r\s*a\s*p\s*h\s*i\s*s\s*t\s*e,I\s*n\s*f\s*o\s*g\s*r\s*a\s*p\s*h\s*i\s*s\s*t\s*e,R\s*e\s*s\s*p\s*o\s*n\s*s\s*a\s*b\s*l\s*e\s* \s*c\s*o\s*m\s*m\s*u\s*n\s*i\s*c\s*a\s*t\s*i\s*o\s*n,S\s*T\s*A\s*G\s*E
A\s*g\s*e\s*n\s*t\s* \s*d\s*e\s* \s*f\s*a\s*c\s*t\s*u\s*r\s*a\s*t\s*i\s*o\s*n,A\s*g\s*e\s*n\s*t\s* \s*d\s*e\s* \s*r\s*e\s*c\s*o\s*u\s*v\s*r\s*e\s*m\s*e\s*n\s*t,A\s*s\s*s\s*i\s*s\s*t\s*a\s*n\s*t\s* \s*a\s*d\s*m\s*i\s*n\s*i\s*s\s*t\s*r\s*a\s*t\s*i\s*f\s* \s*e\s*t\s* \s*c\s*o\s*m\s*p\s*t\s*a\s*b\s*l\s*e,A\s*s\s*s\s*i\s*s\s*t\s*a\s*n\s*t\s* \s*c\s*o\s*m\s*p\s*t\s*a\s*b\s*l\s*e,A\s*s\s*s\s*i\s*s\s*t\s*a\s*n\s*t\s* \s*f\s*a\s*c\s*t\s*u\s*r\s*a\s*t\s*i\s*o\s*n,A\s*u\s*d\s*i\s*t\s*e\s*u\s*r,C\s*h\s*a\s*r\s*g\s*(é|e)\s* \s*d\s*e\s* \s*r\s*e\s*c\s*o\s*u\s*v\s*r\s*e\s*m\s*e\s*n\s*t,C\s*h\s*e\s*f\s* \s*d\s*e\s* \s*m\s*i\s*s\s*s\s*i\s*o\s*n\s* \s*c\s*o\s*m\s*p\s*t\s*a\s*b\s*l\s*e,C\s*o\s*l\s*l\s*a\s*b\s*o\s*r\s*a\s*t\s*e\s*u\s*r\s* \s*c\s*o\s*m\s*p\s*t\s*a\s*b\s*l\s*e,C\s*o\s*m\s*m\s*i\s*s\s*s\s*a\s*i\s*r\s*e\s* \s*a\s*u\s*x\s* \s*c\s*o\s*m\s*p\s*t\s*e\s*s,C\s*o\s*m\s*p\s*t\s*a\s*b\s*l\s*e,C\s*o\s*m\s*p\s*t\s*a\s*b\s*l\s*e\s* \s*F\s*o\s*u\s*r\s*n\s*i\s*s\s*s\s*e\s*u\s*r,C\s*o\s*m\s*p\s*t\s*a\s*b\s*l\s*e\s* \s*a\s*u\s*x\s*i\s*l\s*i\s*a\s*i\s*r\s*e,C\s*o\s*m\s*p\s*t\s*a\s*b\s*l\s*e\s* \s*c\s*l\s*i\s*e\s*n\s*t,C\s*o\s*m\s*p\s*t\s*a\s*b\s*l\s*e\s* \s*c\s*l\s*i\s*e\s*n\s*t\s*s\s* \s*r\s*e\s*c\s*o\s*u\s*v\s*r\s*e\s*m\s*e\s*n\s*t,C\s*o\s*m\s*p\s*t\s*a\s*b\s*l\s*e\s* \s*c\s*o\s*p\s*r\s*o\s*p\s*r\s*i\s*(é|e)\s*t\s*(é|e),C\s*o\s*m\s*p\s*t\s*a\s*b\s*l\s*e\s* \s*g\s*e\s*s\s*t\s*i\s*o\s*n\s* \s*l\s*o\s*c\s*a\s*t\s*i\s*v\s*e,C\s*o\s*m\s*p\s*t\s*a\s*b\s*l\s*e\s* \s*g\s*(é|e)\s*n\s*(é|e)\s*r\s*a\s*l,C\s*o\s*m\s*p\s*t\s*a\s*b\s*l\s*e\s* \s*p\s*a\s*i\s*e,C\s*o\s*m\s*p\s*t\s*a\s*b\s*l\s*e\s* \s*t\s*r\s*(é|e)\s*s\s*o\s*r\s*e\s*r\s*i\s*e,D\s*i\s*r\s*e\s*c\s*t\s*e\s*u\s*r\s* \s*c\s*o\s*m\s*p\s*t\s*a\s*b\s*l\s*e,E\s*x\s*p\s*e\s*r\s*t\s*-\s*c\s*o\s*m\s*p\s*t\s*a\s*b\s*l\s*e,R\s*e\s*s\s*p\s*o\s*n\s*s\s*a\s*b\s*l\s*e\s* \s*c\s*o\s*m\s*p\s*t\s*a\s*b\s*l\s*e,S\s*e\s*c\s*r\s*(é|e)\s*t\s*a\s*i\s*r\s*e\s* \s*c\s*o\s*m\s*p\s*t\s*a\s*b\s*l\s*e,T\s*r\s*(é|e)\s*s\s*o\s*r\s*i\s*e\s*r,S\s*T\s*A\s*G\s*E
A\s*c\s*c\s*e\s*s\s*s\s*o\s*i\s*r\s*i\s*s\s*t\s*e,A\s*n\s*i\s*m\s*a\s*t\s*e\s*u\s*r\s* \s*c\s*i\s*r\s*q\s*u\s*e,A\s*n\s*i\s*m\s*a\s*t\s*e\s*u\s*r\s* \s*s\s*p\s*o\s*r\s*t\s*i\s*f,A\s*r\s*c\s*h\s*i\s*v\s*i\s*s\s*t\s*e,A\s*r\s*c\s*h\s*i\s*v\s*i\s*s\s*t\s*e\s* \s*d\s*o\s*c\s*u\s*m\s*e\s*n\s*t\s*a\s*l\s*i\s*s\s*t\s*e,A\s*u\s*t\s*e\s*u\s*r,B\s*i\s*b\s*l\s*i\s*o\s*t\s*h\s*(é|e)\s*c\s*a\s*i\s*r\s*e,C\s*a\s*m\s*(é|e)\s*r\s*a\s*m\s*a\s*n,C\s*h\s*a\s*n\s*t\s*e\s*u\s*r,C\s*h\s*e\s*f\s* \s*d\s*e\s* \s*p\s*r\s*o\s*j\s*e\s*t\s* \s*(é|e)\s*v\s*è\s*n\s*e\s*m\s*e\s*n\s*t\s*i\s*e\s*l,C\s*h\s*o\s*r\s*(é|e)\s*g\s*r\s*a\s*p\s*h\s*e,C\s*o\s*m\s*p\s*o\s*s\s*i\s*t\s*e\s*u\s*r,C\s*o\s*m\s*(é|e)\s*d\s*i\s*e\s*n,D\s*J,D\s*a\s*n\s*s\s*e\s*u\s*r,D\s*e\s*s\s*s\s*i\s*n\s*a\s*t\s*e\s*u\s*r,D\s*o\s*c\s*u\s*m\s*e\s*n\s*t\s*a\s*l\s*i\s*s\s*t\s*e,F\s*i\s*g\s*u\s*r\s*a\s*n\s*t,G\s*a\s*m\s*e\s* \s*d\s*e\s*s\s*i\s*g\s*n\s*e\s*r,I\s*l\s*l\s*u\s*s\s*t\s*r\s*a\s*t\s*e\s*u\s*r,I\s*n\s*g\s*(é|e)\s*n\s*i\s*e\s*u\s*r\s* \s*d\s*u\s* \s*s\s*o\s*n,I\s*n\s*t\s*e\s*r\s*p\s*r\s*è\s*t\s*e,L\s*i\s*b\s*r\s*a\s*i\s*r\s*e,L\s*i\s*n\s*g\s*u\s*i\s*s\s*t\s*e,M\s*a\s*c\s*h\s*i\s*n\s*i\s*s\s*t\s*e,M\s*a\s*n\s*n\s*e\s*q\s*u\s*i\s*n,M\s*e\s*t\s*t\s*e\s*u\s*r\s* \s*e\s*n\s* \s*s\s*c\s*è\s*n\s*e,M\s*o\s*d\s*(é|e)\s*l\s*i\s*s\s*t\s*e,M\s*o\s*n\s*t\s*e\s*u\s*r\s* \s*d\s*e\s* \s*s\s*t\s*a\s*n\s*d\s*s,M\s*u\s*s\s*i\s*c\s*i\s*e\s*n,M\s*(é|e)\s*d\s*i\s*a\s*t\s*e\s*u\s*r\s* \s*c\s*u\s*l\s*t\s*u\s*r\s*e\s*l,P\s*h\s*o\s*t\s*o\s*g\s*r\s*a\s*p\s*h\s*e,P\s*r\s*o\s*f\s*e\s*s\s*s\s*e\s*u\s*r\s* \s*d\s*e\s* \s*d\s*a\s*n\s*s\s*e,R\s*(é|e)\s*a\s*l\s*i\s*s\s*a\s*t\s*e\s*u\s*r,R\s*(é|e)\s*g\s*i\s*s\s*s\s*e\s*u\s*r,S\s*c\s*u\s*l\s*p\s*t\s*e\s*u\s*r,T\s*a\s*t\s*o\s*u\s*e\s*u\s*r,T\s*e\s*c\s*h\s*n\s*i\s*c\s*i\s*e\s*n\s* \s*a\s*u\s*d\s*i\s*o\s*v\s*i\s*s\s*u\s*e\s*l,T\s*e\s*c\s*h\s*n\s*i\s*c\s*i\s*e\s*n\s* \s*s\s*o\s*n,S\s*T\s*A\s*G\s*E
C\s*h\s*a\s*r\s*g\s*(é|e)\s* \s*d\s*e\s* \s*c\s*o\s*m\s*m\s*u\s*n\s*i\s*c\s*a\s*t\s*i\s*o\s*n\s* \s*d\s*i\s*g\s*i\s*t\s*a\s*l\s*e,C\s*h\s*e\s*f\s* \s*d\s*e\s* \s*p\s*r\s*o\s*j\s*e\s*t\s* \s*d\s*i\s*g\s*i\s*t\s*a\s*l,C\s*h\s*e\s*f\s* \s*d\s*e\s* \s*p\s*r\s*o\s*j\s*e\s*t\s* \s*i\s*n\s*t\s*e\s*r\s*n\s*e\s*t,C\s*o\s*m\s*m\s*u\s*n\s*i\s*t\s*y\s* \s*m\s*a\s*n\s*a\s*g\s*e\s*r,D\s*e\s*s\s*i\s*g\s*n\s*e\s*r\s* \s*3\s*d,D\s*(é|e)\s*v\s*e\s*l\s*o\s*p\s*p\s*e\s*u\s*r\s* \s*i\s*P\s*h\s*o\s*n\s*e,D\s*(é|e)\s*v\s*e\s*l\s*o\s*p\s*p\s*e\s*u\s*r\s* \s*m\s*o\s*b\s*i\s*l\s*e,D\s*(é|e)\s*v\s*e\s*l\s*o\s*p\s*p\s*e\s*u\s*r\s* \s*w\s*e\s*b,G\s*r\s*a\s*p\s*h\s*i\s*s\s*t\s*e\s* \s*2\s*d,G\s*r\s*a\s*p\s*h\s*i\s*s\s*t\s*e\s* \s*3\s*d,G\s*r\s*a\s*p\s*h\s*i\s*s\s*t\s*e\s* \s*w\s*e\s*b,R\s*(é|e)\s*d\s*a\s*c\s*t\s*e\s*u\s*r\s* \s*w\s*e\s*b,W\s*e\s*b\s*m\s*a\s*s\s*t\s*e\s*r,S\s*T\s*A\s*G\s*E
A\s*s\s*s\s*i\s*s\s*t\s*a\s*n\s*t\s* \s*j\s*u\s*r\s*i\s*d\s*i\s*q\s*u\s*e,A\s*v\s*o\s*c\s*a\s*t,C\s*l\s*e\s*r\s*c\s* \s*d\s*e\s* \s*n\s*o\s*t\s*a\s*i\s*r\s*e,D\s*i\s*r\s*e\s*c\s*t\s*e\s*u\s*r\s* \s*j\s*u\s*r\s*i\s*d\s*i\s*q\s*u\s*e,H\s*u\s*i\s*s\s*s\s*i\s*e\s*r,J\s*u\s*r\s*i\s*s\s*t\s*e,J\s*u\s*r\s*i\s*s\s*t\s*e\s* \s*a\s*s\s*s\s*u\s*r\s*a\s*n\s*c\s*e,J\s*u\s*r\s*i\s*s\s*t\s*e\s* \s*c\s*o\s*n\s*s\s*t\s*r\s*u\s*c\s*t\s*i\s*o\s*n,J\s*u\s*r\s*i\s*s\s*t\s*e\s* \s*c\s*o\s*n\s*t\s*e\s*n\s*t\s*i\s*e\s*u\s*x,J\s*u\s*r\s*i\s*s\s*t\s*e\s* \s*d\s*'\s*e\s*n\s*t\s*r\s*e\s*p\s*r\s*i\s*s\s*e,J\s*u\s*r\s*i\s*s\s*t\s*e\s* \s*d\s*r\s*o\s*i\s*t\s* \s*d\s*e\s* \s*l\s*a\s* \s*c\s*o\s*n\s*c\s*u\s*r\s*r\s*e\s*n\s*c\s*e,J\s*u\s*r\s*i\s*s\s*t\s*e\s* \s*d\s*r\s*o\s*i\s*t\s* \s*d\s*e\s*s\s* \s*a\s*f\s*f\s*a\s*i\s*r\s*e\s*s,J\s*u\s*r\s*i\s*s\s*t\s*e\s* \s*e\s*n\s* \s*d\s*r\s*o\s*i\s*t\s* \s*p\s*u\s*b\s*l\s*i\s*c,J\s*u\s*r\s*i\s*s\s*t\s*e\s* \s*e\s*n\s* \s*d\s*r\s*o\s*i\s*t\s* \s*s\s*o\s*c\s*i\s*a\s*l,J\s*u\s*r\s*i\s*s\s*t\s*e\s* \s*i\s*m\s*m\s*o\s*b\s*i\s*l\s*i\s*e\s*r,J\s*u\s*r\s*i\s*s\s*t\s*e\s* \s*i\s*n\s*t\s*e\s*r\s*n\s*a\s*t\s*i\s*o\s*n\s*a\s*l,J\s*u\s*r\s*i\s*s\s*t\s*e\s* \s*p\s*r\s*o\s*p\s*r\s*i\s*(é|e)\s*t\s*(é|e)\s* \s*i\s*n\s*t\s*e\s*l\s*l\s*e\s*c\s*t\s*u\s*e\s*l\s*l\s*e,N\s*o\s*t\s*a\s*i\s*r\s*e,R\s*(é|e)\s*d\s*a\s*c\s*t\s*e\s*u\s*r\s* \s*j\s*u\s*r\s*i\s*d\s*i\s*q\s*u\s*e,S\s*T\s*A\s*G\s*E
S\s*t\s*a\s*t\s*i\s*s\s*t\s*i\s*c\s*i\s*e\s*n,(É|e)\s*c\s*o\s*n\s*o\s*m\s*i\s*s\s*t\s*e,S\s*T\s*A\s*G\s*E
C\s*o\s*n\s*d\s*u\s*c\s*t\s*e\s*u\s*r\s* \s*o\s*f\s*f\s*s\s*e\s*t,I\s*c\s*o\s*n\s*o\s*g\s*r\s*a\s*p\s*h\s*e,S\s*T\s*A\s*G\s*E
A\s*S\s*V\s*P,A\s*d\s*m\s*i\s*n\s*i\s*s\s*t\s*r\s*a\s*t\s*i\s*f\s* \s*d\s*e\s* \s*l\s*a\s* \s*f\s*o\s*n\s*c\s*t\s*i\s*o\s*n\s* \s*p\s*u\s*b\s*l\s*i\s*q\s*u\s*e,A\s*g\s*e\s*n\s*t\s* \s*d\s*'\s*e\s*n\s*t\s*r\s*e\s*t\s*i\s*e\s*n\s* \s*e\s*n\s* \s*c\s*o\s*l\s*l\s*e\s*c\s*t\s*i\s*v\s*i\s*t\s*(é|e),A\s*g\s*e\s*n\s*t\s* \s*d\s*e\s* \s*s\s*e\s*r\s*v\s*i\s*c\s*e,A\s*g\s*e\s*n\s*t\s* \s*d\s*e\s* \s*t\s*r\s*i\s* \s*c\s*o\s*u\s*r\s*r\s*i\s*e\s*r,A\s*g\s*e\s*n\s*t\s* \s*d\s*e\s* \s*v\s*o\s*i\s*r\s*i\s*e,A\s*n\s*i\s*m\s*a\s*t\s*e\s*u\s*r\s* \s*d\s*u\s* \s*p\s*a\s*t\s*r\s*i\s*m\s*o\s*i\s*n\s*e,C\s*h\s*a\s*r\s*g\s*(é|e)\s* \s*d\s*e\s* \s*r\s*e\s*c\s*h\s*e\s*r\s*c\s*h\s*e,F\s*a\s*c\s*t\s*e\s*u\s*r,I\s*n\s*g\s*(é|e)\s*n\s*i\s*e\s*u\s*r\s* \s*V\s*R\s*D,M\s*i\s*l\s*i\s*t\s*a\s*i\s*r\s*e,P\s*o\s*l\s*i\s*c\s*i\s*e\s*r,P\s*o\s*s\s*t\s*i\s*e\s*r,R\s*(é|e)\s*d\s*a\s*c\s*t\s*e\s*u\s*r\s* \s*t\s*e\s*r\s*r\s*i\s*t\s*o\s*r\s*i\s*a\s*l,S\s*u\s*r\s*v\s*e\s*i\s*l\s*l\s*a\s*n\s*t\s* \s*d\s*e\s* \s*b\s*a\s*i\s*g\s*n\s*a\s*d\s*e,T\s*e\s*c\s*h\s*n\s*i\s*c\s*i\s*e\s*n\s* \s*e\s*n\s*v\s*i\s*r\s*o\s*n\s*n\s*e\s*m\s*e\s*n\s*t,S\s*T\s*A\s*G\s*E
A\s*n\s*i\s*m\s*a\s*t\s*e\s*u\s*r\s* \s*B\s*A\s*F\s*A,A\s*s\s*s\s*i\s*s\s*t\s*a\s*n\s*t\s* \s*p\s*(é|e)\s*d\s*a\s*g\s*o\s*g\s*i\s*q\s*u\s*e,A\s*u\s*x\s*i\s*l\s*i\s*a\s*i\s*r\s*e\s* \s*d\s*e\s* \s*v\s*i\s*e\s* \s*s\s*c\s*o\s*l\s*a\s*i\s*r\s*e,C\s*h\s*e\s*f\s* \s*d\s*e\s* \s*p\s*r\s*o\s*j\s*e\s*t\s* \s*f\s*o\s*r\s*m\s*a\s*t\s*i\s*o\s*n,C\s*h\s*e\s*f\s* \s*d\s*e\s* \s*s\s*e\s*r\s*v\s*i\s*c\s*e\s* \s*(é|e)\s*d\s*u\s*c\s*a\s*t\s*i\s*f,C\s*o\s*a\s*c\s*h\s* \s*s\s*p\s*o\s*r\s*t\s*i\s*f,C\s*o\s*n\s*s\s*e\s*i\s*l\s*l\s*e\s*r\s* \s*d\s*'\s*o\s*r\s*i\s*e\s*n\s*t\s*a\s*t\s*i\s*o\s*n,C\s*o\s*n\s*s\s*e\s*i\s*l\s*l\s*e\s*r\s* \s*p\s*(é|e)\s*d\s*a\s*g\s*o\s*g\s*i\s*q\s*u\s*e,D\s*i\s*r\s*e\s*c\s*t\s*e\s*u\s*r\s* \s*d\s*e\s* \s*c\s*e\s*n\s*t\s*r\s*e\s* \s*d\s*e\s* \s*f\s*o\s*r\s*m\s*a\s*t\s*i\s*o\s*n,E\s*d\s*u\s*c\s*a\s*t\s*e\s*u\s*r\s* \s*t\s*e\s*c\s*h\s*n\s*i\s*q\s*u\s*e,E\s*n\s*s\s*e\s*i\s*g\s*n\s*a\s*n\s*t,E\s*n\s*s\s*e\s*i\s*g\s*n\s*a\s*n\s*t\s* \s*c\s*h\s*e\s*r\s*c\s*h\s*e\s*u\s*r,F\s*o\s*r\s*m\s*a\s*t\s*e\s*u\s*r,F\s*o\s*r\s*m\s*a\s*t\s*e\s*u\s*r\s* \s*F\s*L\s*E,F\s*o\s*r\s*m\s*a\s*t\s*e\s*u\s*r\s* \s*b\s*â\s*t\s*i\s*m\s*e\s*n\s*t,F\s*o\s*r\s*m\s*a\s*t\s*e\s*u\s*r\s* \s*e\s*n\s* \s*b\s*u\s*r\s*e\s*a\s*u\s*t\s*i\s*q\s*u\s*e,F\s*o\s*r\s*m\s*a\s*t\s*e\s*u\s*r\s* \s*g\s*e\s*s\s*t\s*i\s*o\s*n\s* \s*d\s*u\s* \s*s\s*t\s*r\s*e\s*s\s*s,F\s*o\s*r\s*m\s*a\s*t\s*e\s*u\s*r\s* \s*i\s*n\s*s\s*e\s*r\s*t\s*i\s*o\s*n,F\s*o\s*r\s*m\s*a\s*t\s*e\s*u\s*r\s* \s*v\s*a\s*c\s*a\s*t\s*a\s*i\s*r\s*e,I\s*n\s*g\s*(é|e)\s*n\s*i\s*e\s*u\s*r\s* \s*p\s*(é|e)\s*d\s*a\s*g\s*o\s*g\s*i\s*q\s*u\s*e,M\s*a\s*î\s*t\s*r\s*e\s*-\s*n\s*a\s*g\s*e\s*u\s*r\s* \s*s\s*a\s*u\s*v\s*e\s*t\s*e\s*u\s*r,M\s*o\s*n\s*i\s*t\s*e\s*u\s*r,M\s*o\s*n\s*i\s*t\s*e\s*u\s*r\s* \s*a\s*u\s*t\s*o\s*-\s*(é|e)\s*c\s*o\s*l\s*e,P\s*r\s*o\s*f\s*e\s*s\s*s\s*e\s*u\s*r\s* \s*d\s*'\s*a\s*n\s*g\s*l\s*a\s*i\s*s,P\s*r\s*o\s*f\s*e\s*s\s*s\s*e\s*u\s*r\s* \s*d\s*e\s* \s*S\s*V\s*T,P\s*r\s*o\s*f\s*e\s*s\s*s\s*e\s*u\s*r\s* \s*d\s*e\s* \s*f\s*r\s*a\s*n\s*ç\s*a\s*i\s*s,P\s*r\s*o\s*f\s*e\s*s\s*s\s*e\s*u\s*r\s* \s*d\s*e\s*s\s* \s*(é|e)\s*c\s*o\s*l\s*e\s*s,P\s*r\s*o\s*f\s*e\s*s\s*s\s*e\s*u\s*r\s* \s*h\s*i\s*s\s*t\s*o\s*i\s*r\s*e\s* \s*g\s*(é|e)\s*o\s*g\s*r\s*a\s*p\s*h\s*i\s*e,P\s*r\s*o\s*f\s*e\s*s\s*s\s*e\s*u\s*r\s* \s*m\s*a\s*t\s*h\s*(é|e)\s*m\s*a\s*t\s*i\s*q\s*u\s*e\s*s,R\s*e\s*s\s*p\s*o\s*n\s*s\s*a\s*b\s*l\s*e\s* \s*p\s*(é|e)\s*d\s*a\s*g\s*o\s*g\s*i\s*q\s*u\s*e,(É|e)\s*d\s*u\s*c\s*a\s*t\s*e\s*u\s*r\s* \s*s\s*p\s*o\s*r\s*t\s*i\s*f,S\s*T\s*A\s*G\s*E
A\s*g\s*e\s*n\s*t\s* \s*d\s*'\s*e\s*n\s*t\s*r\s*e\s*t\s*i\s*e\s*n\s* \s*d\s*e\s*s\s* \s*e\s*s\s*p\s*a\s*c\s*e\s*s\s* \s*v\s*e\s*r\s*t\s*s,A\s*g\s*e\s*n\s*t\s* \s*d\s*e\s* \s*t\s*r\s*i,A\s*n\s*i\s*m\s*a\s*t\s*e\s*u\s*r\s* \s*s\s*(é|e)\s*c\s*u\s*r\s*i\s*t\s*(é|e)\s* \s*e\s*n\s*v\s*i\s*r\s*o\s*n\s*n\s*e\s*m\s*e\s*n\s*t,A\s*s\s*s\s*i\s*s\s*t\s*a\s*n\s*t\s* \s*d\s*(é|e)\s*v\s*e\s*l\s*o\s*p\s*p\s*e\s*m\s*e\s*n\s*t\s* \s*d\s*u\s*r\s*a\s*b\s*l\s*e,B\s*i\s*o\s*l\s*o\s*g\s*i\s*s\s*t\s*e,B\s*o\s*t\s*a\s*n\s*i\s*s\s*t\s*e,C\s*h\s*a\s*r\s*g\s*(é|e)\s* \s*d\s*e\s* \s*m\s*i\s*s\s*s\s*i\s*o\s*n\s* \s*R\s*S\s*E,C\s*o\s*o\s*r\s*d\s*i\s*n\s*a\s*t\s*e\s*u\s*r\s* \s*q\s*h\s*s\s*e,E\s*c\s*o\s*l\s*o\s*g\s*u\s*e,E\s*l\s*a\s*g\s*u\s*e\s*u\s*r,G\s*a\s*r\s*d\s*e\s* \s*f\s*o\s*r\s*e\s*s\s*t\s*i\s*e\s*r,G\s*(é|e)\s*o\s*l\s*o\s*g\s*u\s*e,H\s*y\s*d\s*r\s*o\s*g\s*(é|e)\s*o\s*l\s*o\s*g\s*u\s*e,I\s*n\s*g\s*(é|e)\s*n\s*i\s*e\s*u\s*r\s* \s*e\s*n\s*v\s*i\s*r\s*o\s*n\s*n\s*e\s*m\s*e\s*n\s*t,I\s*n\s*g\s*(é|e)\s*n\s*i\s*e\s*u\s*r\s* \s*p\s*h\s*o\s*t\s*o\s*v\s*o\s*l\s*t\s*a\s*i\s*q\s*u\s*e,I\s*n\s*g\s*(é|e)\s*n\s*i\s*e\s*u\s*r\s* \s*t\s*h\s*e\s*r\s*m\s*i\s*c\s*i\s*e\s*n,I\s*n\s*s\s*t\s*a\s*l\s*l\s*a\s*t\s*e\s*u\s*r\s* \s*t\s*h\s*e\s*r\s*m\s*i\s*q\s*u\s*e,J\s*a\s*r\s*d\s*i\s*n\s*i\s*e\s*r,J\s*a\s*r\s*d\s*i\s*n\s*i\s*e\s*r\s* \s*p\s*a\s*y\s*s\s*a\s*g\s*i\s*s\s*t\s*e,M\s*o\s*n\s*t\s*e\s*u\s*r\s* \s*e\s*n\s* \s*c\s*l\s*i\s*m\s*a\s*t\s*i\s*s\s*a\s*t\s*i\s*o\s*n,M\s*(é|e)\s*t\s*(é|e)\s*o\s*r\s*o\s*l\s*o\s*g\s*u\s*e,N\s*a\s*t\s*u\s*r\s*a\s*l\s*i\s*s\s*t\s*e,O\s*c\s*(é|e)\s*a\s*n\s*o\s*g\s*r\s*a\s*p\s*h\s*e,O\s*u\s*v\s*r\s*i\s*e\s*r\s* \s*p\s*a\s*y\s*s\s*a\s*g\s*i\s*s\s*t\s*e,R\s*e\s*l\s*e\s*v\s*e\s*u\s*r\s* \s*d\s*e\s* \s*c\s*o\s*m\s*p\s*t\s*e\s*u\s*r,R\s*e\s*s\s*p\s*o\s*n\s*s\s*a\s*b\s*l\s*e\s* \s*H\s*S\s*E,R\s*e\s*s\s*p\s*o\s*n\s*s\s*a\s*b\s*l\s*e\s* \s*Q\s*S\s*E,R\s*i\s*p\s*e\s*u\s*r,T\s*e\s*c\s*h\s*n\s*i\s*c\s*i\s*e\s*n\s* \s*f\s*o\s*r\s*e\s*s\s*t\s*i\s*e\s*r,S\s*T\s*A\s*G\s*E
A\s*n\s*a\s*l\s*y\s*s\s*t\s*e\s* \s*f\s*i\s*n\s*a\s*n\s*c\s*i\s*e\s*r,A\s*s\s*s\s*e\s*t\s* \s*m\s*a\s*n\s*a\s*g\s*e\s*r,A\s*u\s*d\s*i\s*t\s*e\s*u\s*r\s* \s*f\s*i\s*n\s*a\s*n\s*c\s*i\s*e\s*r,C\s*h\s*a\s*r\s*g\s*(é|e)\s* \s*d\s*e\s* \s*r\s*e\s*p\s*o\s*r\s*t\s*i\s*n\s*g,C\s*h\s*e\s*f\s* \s*d\s*e\s* \s*m\s*i\s*s\s*s\s*i\s*o\s*n\s* \s*a\s*u\s*d\s*i\s*t,C\s*o\s*n\s*s\s*e\s*i\s*l\s*l\s*e\s*r\s* \s*F\s*i\s*s\s*c\s*a\s*l,C\s*o\s*n\s*s\s*e\s*i\s*l\s*l\s*e\s*r\s* \s*f\s*i\s*n\s*a\s*n\s*c\s*i\s*e\s*r,C\s*o\s*n\s*s\s*o\s*l\s*i\s*d\s*e\s*u\s*r,C\s*o\s*n\s*t\s*r\s*ô\s*l\s*e\s*u\s*r\s* \s*f\s*i\s*n\s*a\s*n\s*c\s*i\s*e\s*r,C\s*r\s*e\s*d\s*i\s*t\s* \s*m\s*a\s*n\s*a\s*g\s*e\s*r,D\s*i\s*r\s*e\s*c\s*t\s*e\s*u\s*r\s* \s*f\s*i\s*n\s*a\s*n\s*c\s*i\s*e\s*r,F\s*i\s*s\s*c\s*a\s*l\s*i\s*s\s*t\s*e,G\s*e\s*s\s*t\s*i\s*o\s*n\s*n\s*a\s*i\s*r\s*e\s* \s*f\s*i\s*n\s*a\s*n\s*c\s*i\s*e\s*r,I\s*n\s*g\s*(é|e)\s*n\s*i\s*e\s*u\s*r\s* \s*f\s*i\s*n\s*a\s*n\s*c\s*i\s*e\s*r,O\s*p\s*(é|e)\s*r\s*a\s*t\s*e\s*u\s*r\s* \s*d\s*e\s* \s*m\s*a\s*r\s*c\s*h\s*(é|e),R\s*e\s*s\s*p\s*o\s*n\s*s\s*a\s*b\s*l\s*e\s* \s*f\s*i\s*n\s*a\s*n\s*c\s*i\s*e\s*r,T\s*r\s*a\s*d\s*e\s*r,S\s*T\s*A\s*G\s*E
A\s*s\s*s\s*i\s*s\s*t\s*a\s*n\s*t\s* \s*d\s*e\s* \s*g\s*e\s*s\s*t\s*i\s*o\s*n,A\s*s\s*s\s*i\s*s\s*t\s*a\s*n\s*t\s* \s*d\s*e\s* \s*g\s*e\s*s\s*t\s*i\s*o\s*n\s* \s*P\s*M\s*E\s*/\s*P\s*M\s*I,B\s*u\s*s\s*i\s*n\s*e\s*s\s*s\s* \s*a\s*n\s*a\s*l\s*y\s*s\s*t,C\s*h\s*a\s*r\s*g\s*(é|e)\s* \s*d\s*e\s* \s*c\s*o\s*n\s*t\s*e\s*n\s*t\s*i\s*e\s*u\s*x,C\s*o\s*n\s*s\s*u\s*l\s*t\s*a\s*n\s*t\s* \s*g\s*e\s*s\s*t\s*i\s*o\s*n,C\s*o\s*n\s*t\s*r\s*ô\s*l\s*e\s*u\s*r\s* \s*d\s*e\s* \s*g\s*e\s*s\s*t\s*i\s*o\s*n,D\s*e\s*l\s*i\s*v\s*e\s*r\s*y\s* \s*m\s*a\s*n\s*a\s*g\s*e\s*r,D\s*i\s*r\s*e\s*c\s*t\s*e\s*u\s*r\s* \s*t\s*e\s*c\s*h\s*n\s*i\s*q\s*u\s*e,G\s*e\s*s\s*t\s*i\s*o\s*n\s*n\s*a\s*i\s*r\s*e\s* \s*d\s*e\s* \s*p\s*a\s*t\s*r\s*i\s*m\s*o\s*i\s*n\s*e,R\s*i\s*s\s*k\s* \s*m\s*a\s*n\s*a\s*g\s*e\s*r,S\s*T\s*A\s*G\s*E
A\s*n\s*i\s*m\s*a\s*t\s*e\s*u\s*r\s* \s*c\s*o\s*m\s*m\s*e\s*r\s*c\s*i\s*a\s*l,A\s*n\s*i\s*m\s*a\s*t\s*e\s*u\s*r\s* \s*r\s*(é|e)\s*s\s*e\s*a\s*u,A\s*t\s*t\s*a\s*c\s*h\s*(é|e)\s* \s*c\s*o\s*m\s*m\s*e\s*r\s*c\s*i\s*a\s*l\s* \s*G\s*M\s*S,C\s*h\s*e\s*f\s* \s*d\s*e\s* \s*c\s*a\s*i\s*s\s*s\s*e,C\s*h\s*e\s*f\s* \s*d\s*e\s* \s*r\s*a\s*y\s*o\s*n,C\s*h\s*e\s*f\s* \s*d\s*e\s* \s*s\s*e\s*c\s*t\s*e\s*u\s*r,C\s*h\s*e\s*f\s* \s*d\s*e\s* \s*s\s*e\s*c\s*t\s*e\s*u\s*r\s* \s*G\s*M\s*S,C\s*h\s*e\s*f\s* \s*r\s*a\s*y\s*o\s*n\s* \s*b\s*a\s*z\s*a\s*r,C\s*h\s*e\s*f\s* \s*r\s*a\s*y\s*o\s*n\s* \s*b\s*o\s*u\s*c\s*h\s*e\s*r\s*i\s*e,C\s*h\s*e\s*f\s* \s*r\s*a\s*y\s*o\s*n\s* \s*b\s*o\s*u\s*l\s*a\s*n\s*g\s*e\s*r\s*i\s*e\s* \s*p\s*â\s*t\s*i\s*s\s*s\s*e\s*r\s*i\s*e,C\s*h\s*e\s*f\s* \s*r\s*a\s*y\s*o\s*n\s* \s*c\s*h\s*a\s*r\s*c\s*u\s*t\s*e\s*r\s*i\s*e\s* \s*t\s*r\s*a\s*i\s*t\s*e\s*u\s*r,C\s*h\s*e\s*f\s* \s*r\s*a\s*y\s*o\s*n\s* \s*p\s*o\s*i\s*s\s*s\s*o\s*n\s*n\s*e\s*r\s*i\s*e,C\s*o\s*n\s*s\s*e\s*i\s*l\s*l\s*e\s*r\s* \s*d\s*e\s* \s*v\s*e\s*n\s*t\s*e,D\s*i\s*r\s*e\s*c\s*t\s*e\s*u\s*r\s* \s*d\s*e\s* \s*m\s*a\s*g\s*a\s*s\s*i\s*n,E\s*m\s*p\s*l\s*o\s*y\s*(é|e)\s* \s*l\s*i\s*b\s*r\s*e\s*-\s*s\s*e\s*r\s*v\s*i\s*c\s*e,E\s*m\s*p\s*l\s*o\s*y\s*(é|e)\s* \s*p\s*o\s*i\s*n\s*t\s* \s*c\s*h\s*a\s*u\s*d,M\s*e\s*r\s*c\s*h\s*a\s*n\s*d\s*i\s*s\s*e\s*u\s*r,R\s*e\s*s\s*p\s*o\s*n\s*s\s*a\s*b\s*l\s*e\s* \s*a\s*d\s*j\s*o\s*i\s*n\s*t\s* \s*m\s*a\s*g\s*a\s*s\s*i\s*n,S\s*T\s*A\s*G\s*E
C\s*h\s*e\s*f\s* \s*d\s*e\s* \s*r\s*(é|e)\s*c\s*e\s*p\s*t\s*i\s*o\s*n,D\s*i\s*r\s*e\s*c\s*t\s*e\s*u\s*r\s* \s*h\s*ô\s*t\s*e\s*l,F\s*e\s*m\s*m\s*e\s* \s*d\s*e\s* \s*c\s*h\s*a\s*m\s*b\s*r\s*e,G\s*o\s*u\s*v\s*e\s*r\s*n\s*a\s*n\s*t,M\s*a\s*j\s*o\s*r\s*d\s*o\s*m\s*e,R\s*(é|e)\s*c\s*e\s*p\s*t\s*i\s*o\s*n\s*n\s*i\s*s\s*t\s*e,V\s*a\s*l\s*e\s*t\s* \s*d\s*e\s* \s*c\s*h\s*a\s*m\s*b\s*r\s*e,V\s*e\s*i\s*l\s*l\s*e\s*u\s*r\s* \s*d\s*e\s* \s*n\s*u\s*i\s*t,S\s*T\s*A\s*G\s*E
A\s*d\s*m\s*i\s*n\s*i\s*s\s*t\s*r\s*a\s*t\s*e\s*u\s*r\s* \s*d\s*e\s* \s*b\s*i\s*e\s*n\s*s,A\s*g\s*e\s*n\s*t\s* \s*c\s*o\s*m\s*m\s*e\s*r\s*c\s*i\s*a\s*l\s* \s*i\s*m\s*m\s*o\s*b\s*i\s*l\s*i\s*e\s*r,A\s*g\s*e\s*n\s*t\s* \s*i\s*m\s*m\s*o\s*b\s*i\s*l\s*i\s*e\s*r,A\s*s\s*s\s*i\s*s\s*t\s*a\s*n\s*t\s* \s*g\s*e\s*s\s*t\s*i\s*o\s*n\s* \s*l\s*o\s*c\s*a\s*t\s*i\s*v\s*e,C\s*h\s*a\s*s\s*s\s*e\s*u\s*r\s* \s*i\s*m\s*m\s*o\s*b\s*i\s*l\s*i\s*e\s*r,C\s*o\s*m\s*m\s*e\s*r\s*c\s*i\s*a\s*l\s* \s*i\s*m\s*m\s*o\s*b\s*i\s*l\s*i\s*e\s*r,C\s*o\s*n\s*s\s*e\s*i\s*l\s*l\s*e\s*r\s* \s*c\s*o\s*m\s*m\s*e\s*r\s*c\s*i\s*a\s*l\s* \s*i\s*m\s*m\s*o\s*b\s*i\s*l\s*i\s*e\s*r,D\s*i\s*r\s*e\s*c\s*t\s*e\s*u\s*r\s* \s*d\s*e\s* \s*c\s*o\s*p\s*r\s*o\s*p\s*r\s*i\s*(é|e)\s*t\s*(é|e),D\s*(é|e)\s*v\s*e\s*l\s*o\s*p\s*p\s*e\s*u\s*r\s* \s*f\s*o\s*n\s*c\s*i\s*e\s*r,G\s*e\s*s\s*t\s*i\s*o\s*n\s*n\s*a\s*i\s*r\s*e\s* \s*d\s*e\s* \s*c\s*o\s*p\s*r\s*o\s*p\s*r\s*i\s*(é|e)\s*t\s*(é|e),G\s*e\s*s\s*t\s*i\s*o\s*n\s*n\s*a\s*i\s*r\s*e\s* \s*i\s*m\s*m\s*o\s*b\s*i\s*l\s*i\s*e\s*r,G\s*e\s*s\s*t\s*i\s*o\s*n\s*n\s*a\s*i\s*r\s*e\s* \s*l\s*o\s*c\s*a\s*t\s*i\s*f,H\s*o\s*m\s*e\s* \s*s\s*t\s*a\s*g\s*e\s*r,M\s*a\s*n\s*d\s*a\s*t\s*a\s*i\s*r\s*e\s* \s*i\s*m\s*m\s*o\s*b\s*i\s*l\s*i\s*e\s*r,N\s*(é|e)\s*g\s*o\s*c\s*i\s*a\s*t\s*e\s*u\s*r\s* \s*i\s*m\s*m\s*o\s*b\s*i\s*l\s*i\s*e\s*r,N\s*(é|e)\s*g\s*o\s*c\s*i\s*a\s*t\s*e\s*u\s*r\s* \s*l\s*o\s*c\s*a\s*t\s*i\s*o\s*n,R\s*e\s*s\s*p\s*o\s*n\s*s\s*a\s*b\s*l\s*e\s* \s*i\s*m\s*m\s*o\s*b\s*i\s*l\s*i\s*e\s*r,S\s*T\s*A\s*G\s*E
A\s*f\s*f\s*û\s*t\s*e\s*u\s*r,A\s*g\s*e\s*n\s*t\s* \s*d\s*e\s* \s*c\s*o\s*n\s*d\s*i\s*t\s*i\s*o\s*n\s*n\s*e\s*m\s*e\s*n\s*t,A\s*g\s*e\s*n\s*t\s* \s*d\s*e\s* \s*f\s*a\s*b\s*r\s*i\s*c\s*a\s*t\s*i\s*o\s*n,A\s*g\s*e\s*n\s*t\s* \s*d\s*e\s* \s*f\s*i\s*n\s*i\s*t\s*i\s*o\s*n,A\s*g\s*e\s*n\s*t\s* \s*d\s*e\s* \s*p\s*r\s*o\s*d\s*u\s*c\s*t\s*i\s*o\s*n,A\s*g\s*e\s*n\s*t\s* \s*t\s*e\s*c\s*h\s*n\s*i\s*q\s*u\s*e,A\s*g\s*e\s*n\s*t\s* \s*t\s*e\s*c\s*h\s*n\s*i\s*q\s*u\s*e\s* \s*p\s*o\s*l\s*y\s*v\s*a\s*l\s*e\s*n\s*t,A\s*j\s*u\s*s\s*t\s*e\s*u\s*r,A\s*j\s*u\s*s\s*t\s*e\s*u\s*r\s* \s*a\s*(é|e)\s*r\s*o\s*n\s*a\s*u\s*t\s*i\s*q\s*u\s*e,A\s*j\s*u\s*s\s*t\s*e\s*u\s*r\s* \s*m\s*o\s*u\s*l\s*i\s*s\s*t\s*e,A\s*s\s*s\s*e\s*m\s*b\s*l\s*e\s*u\s*r\s* \s*m\s*o\s*n\s*t\s*e\s*u\s*r,A\s*s\s*s\s*i\s*s\s*t\s*a\s*n\s*t\s* \s*q\s*u\s*a\s*l\s*i\s*t\s*(é|e),A\s*u\s*d\s*i\s*t\s*e\s*u\s*r\s* \s*q\s*u\s*a\s*l\s*i\s*t\s*(é|e),B\s*o\s*b\s*i\s*n\s*i\s*e\s*r,C\s*a\s*l\s*c\s*u\s*l\s*a\s*t\s*e\s*u\s*r,C\s*a\s*r\s*i\s*s\s*t\s*e,C\s*a\s*r\s*r\s*o\s*s\s*s\s*i\s*e\s*r,C\s*h\s*a\s*r\s*g\s*(é|e)\s* \s*d\s*e\s* \s*m\s*i\s*s\s*s\s*i\s*o\s*n\s* \s*q\s*u\s*a\s*l\s*i\s*t\s*(é|e),C\s*h\s*e\s*f\s* \s*d\s*'\s*a\s*t\s*e\s*l\s*i\s*e\s*r,C\s*h\s*e\s*f\s* \s*d\s*'\s*(é|e)\s*q\s*u\s*i\s*p\s*e\s* \s*m\s*a\s*i\s*n\s*t\s*e\s*n\s*a\s*n\s*c\s*e,C\s*h\s*e\s*f\s* \s*d\s*e\s* \s*p\s*r\s*o\s*j\s*e\s*t\s* \s*i\s*n\s*d\s*u\s*s\s*t\s*r\s*i\s*e\s*l,C\s*h\s*e\s*f\s* \s*d\s*e\s* \s*p\s*r\s*o\s*j\s*e\s*t\s* \s*p\s*r\s*o\s*d\s*u\s*c\s*t\s*i\s*o\s*n,C\s*o\s*n\s*d\s*i\s*t\s*i\s*o\s*n\s*n\s*e\s*u\s*r,C\s*o\s*n\s*d\s*u\s*c\s*t\s*e\s*u\s*r\s* \s*d\s*e\s* \s*f\s*o\s*u\s*r,C\s*o\s*n\s*d\s*u\s*c\s*t\s*e\s*u\s*r\s* \s*d\s*e\s* \s*l\s*i\s*g\s*n\s*e,C\s*o\s*n\s*d\s*u\s*c\s*t\s*e\s*u\s*r\s* \s*d\s*e\s* \s*l\s*i\s*g\s*n\s*e\s* \s*i\s*n\s*d\s*u\s*s\s*t\s*r\s*i\s*e\s* \s*p\s*h\s*a\s*r\s*m\s*a\s*c\s*e\s*u\s*t\s*i\s*q\s*u\s*e,C\s*o\s*n\s*d\s*u\s*c\s*t\s*e\s*u\s*r\s* \s*d\s*e\s* \s*m\s*a\s*c\s*h\s*i\s*n\s*e,D\s*e\s*s\s*s\s*i\s*n\s*a\s*t\s*e\s*u\s*r\s* \s*i\s*n\s*d\s*u\s*s\s*t\s*r\s*i\s*e\s*l,D\s*e\s*s\s*s\s*i\s*n\s*a\s*t\s*e\s*u\s*r\s* \s*p\s*r\s*o\s*j\s*e\s*t\s*e\s*u\s*r\s* \s*c\s*a\s*o,D\s*e\s*s\s*s\s*i\s*n\s*a\s*t\s*e\s*u\s*r\s*-\s*p\s*r\s*o\s*j\s*e\s*t\s*e\s*u\s*r,D\s*i\s*r\s*e\s*c\s*t\s*e\s*u\s*r\s* \s*R\s*&\s*D,D\s*i\s*r\s*e\s*c\s*t\s*e\s*u\s*r\s* \s*d\s*e\s* \s*p\s*r\s*o\s*d\s*u\s*c\s*t\s*i\s*o\s*n,D\s*i\s*r\s*e\s*c\s*t\s*e\s*u\s*r\s* \s*d\s*e\s* \s*s\s*i\s*t\s*e,D\s*i\s*r\s*e\s*c\s*t\s*e\s*u\s*r\s* \s*i\s*n\s*d\s*u\s*s\s*t\s*r\s*i\s*e\s*l,D\s*i\s*r\s*e\s*c\s*t\s*e\s*u\s*r\s* \s*q\s*u\s*a\s*l\s*i\s*t\s*(é|e),D\s*i\s*r\s*e\s*c\s*t\s*e\s*u\s*r\s* \s*u\s*s\s*i\s*n\s*e,D\s*r\s*a\s*p\s*e\s*u\s*r,D\s*(é|e)\s*c\s*o\s*l\s*l\s*e\s*t\s*e\s*u\s*r,E\s*b\s*a\s*r\s*b\s*e\s*u\s*r,E\s*l\s*e\s*c\s*t\s*r\s*i\s*c\s*i\s*e\s*n\s* \s*i\s*n\s*d\s*u\s*s\s*t\s*r\s*i\s*e\s*l,E\s*l\s*e\s*c\s*t\s*r\s*o\s*t\s*e\s*c\s*h\s*n\s*i\s*c\s*i\s*e\s*n,E\s*r\s*o\s*d\s*e\s*u\s*r,F\s*r\s*a\s*i\s*s\s*e\s*u\s*r,I\s*n\s*g\s*(é|e)\s*n\s*i\s*e\s*u\s*r\s* \s*c\s*a\s*l\s*c\s*u\s*l\s* \s*d\s*e\s* \s*s\s*t\s*r\s*u\s*c\s*t\s*u\s*r\s*e\s*s,I\s*n\s*g\s*(é|e)\s*n\s*i\s*e\s*u\s*r\s* \s*d\s*e\s* \s*p\s*r\s*o\s*d\s*u\s*c\s*t\s*i\s*o\s*n,I\s*n\s*g\s*(é|e)\s*n\s*i\s*e\s*u\s*r\s* \s*d\s*e\s* \s*p\s*r\s*o\s*j\s*e\s*t,I\s*n\s*g\s*(é|e)\s*n\s*i\s*e\s*u\s*r\s* \s*i\s*n\s*d\s*u\s*s\s*t\s*r\s*i\s*a\s*l\s*i\s*s\s*a\s*t\s*i\s*o\s*n,I\s*n\s*g\s*(é|e)\s*n\s*i\s*e\s*u\s*r\s* \s*m\s*a\s*i\s*n\s*t\s*e\s*n\s*a\s*n\s*c\s*e,I\s*n\s*g\s*(é|e)\s*n\s*i\s*e\s*u\s*r\s* \s*m\s*(é|e)\s*t\s*a\s*l\s*l\s*u\s*r\s*g\s*i\s*s\s*t\s*e,I\s*n\s*g\s*(é|e)\s*n\s*i\s*e\s*u\s*r\s* \s*m\s*(é|e)\s*t\s*r\s*o\s*l\s*o\s*g\s*u\s*e,I\s*n\s*g\s*(é|e)\s*n\s*i\s*e\s*u\s*r\s* \s*p\s*l\s*a\s*n\s*n\s*i\s*n\s*g,I\s*n\s*g\s*(é|e)\s*n\s*i\s*e\s*u\s*r\s* \s*p\s*(é|e)\s*t\s*r\s*o\s*l\s*i\s*e\s*r,I\s*n\s*g\s*(é|e)\s*n\s*i\s*e\s*u\s*r\s* \s*q\s*s\s*e,I\s*n\s*g\s*(é|e)\s*n\s*i\s*e\s*u\s*r\s* \s*q\s*u\s*a\s*l\s*i\s*t\s*(é|e),I\s*n\s*g\s*(é|e)\s*n\s*i\s*e\s*u\s*r\s* \s*s\s*o\s*u\s*d\s*a\s*g\s*e,I\s*n\s*s\s*p\s*e\s*c\s*t\s*e\s*u\s*r\s* \s*q\s*u\s*a\s*l\s*i\s*t\s*(é|e),M\s*e\s*t\s*t\s*e\s*u\s*r\s* \s*a\s*u\s* \s*p\s*o\s*i\s*n\s*t,M\s*o\s*n\s*t\s*e\s*u\s*r\s* \s*d\s*e\s* \s*m\s*e\s*u\s*b\s*l\s*e\s*s,M\s*o\s*n\s*t\s*e\s*u\s*r\s*-\s*c\s*â\s*b\s*l\s*e\s*u\s*r,M\s*o\s*u\s*l\s*e\s*u\s*r,M\s*(é|e)\s*c\s*a\s*n\s*i\s*c\s*i\s*e\s*n\s* \s*d\s*e\s* \s*m\s*a\s*i\s*n\s*t\s*e\s*n\s*a\s*n\s*c\s*e,M\s*(é|e)\s*t\s*a\s*l\s*l\s*i\s*e\s*r,M\s*(é|e)\s*t\s*r\s*o\s*l\s*o\s*g\s*u\s*e,O\s*p\s*(é|e)\s*r\s*a\s*t\s*e\s*u\s*r\s* \s*d\s*e\s* \s*p\s*r\s*o\s*d\s*u\s*c\s*t\s*i\s*o\s*n,O\s*p\s*(é|e)\s*r\s*a\s*t\s*e\s*u\s*r\s* \s*s\s*a\s*l\s*l\s*e\s* \s*b\s*l\s*a\s*n\s*c\s*h\s*e,O\s*r\s*d\s*o\s*n\s*n\s*a\s*n\s*c\s*e\s*u\s*r,O\s*u\s*t\s*i\s*l\s*l\s*e\s*u\s*r,O\s*u\s*t\s*i\s*l\s*l\s*e\s*u\s*r\s* \s*m\s*o\s*u\s*l\s*i\s*s\s*t\s*e,O\s*u\s*v\s*r\s*i\s*e\s*r\s* \s*a\s*b\s*a\s*t\s*t\s*o\s*i\s*r,O\s*u\s*v\s*r\s*i\s*e\s*r\s* \s*d\s*e\s* \s*p\s*r\s*o\s*d\s*u\s*c\s*t\s*i\s*o\s*n,O\s*x\s*y\s*c\s*o\s*u\s*p\s*e\s*u\s*r,P\s*e\s*i\s*n\s*t\s*r\s*e\s* \s*a\s*u\s*t\s*o\s*m\s*o\s*b\s*i\s*l\s*e,P\s*e\s*i\s*n\s*t\s*r\s*e\s* \s*i\s*n\s*d\s*u\s*s\s*t\s*r\s*i\s*e\s*l,P\s*l\s*a\s*n\s*i\s*f\s*i\s*c\s*a\s*t\s*e\s*u\s*r,P\s*r\s*o\s*g\s*r\s*a\s*m\s*m\s*e\s*u\s*r\s* \s*C\s*F\s*A\s*O,Q\s*u\s*a\s*l\s*i\s*t\s*i\s*c\s*i\s*e\s*n,R\s*e\s*c\s*t\s*i\s*f\s*i\s*e\s*u\s*r,R\s*e\s*s\s*p\s*o\s*n\s*s\s*a\s*b\s*l\s*e\s* \s*d\s*e\s* \s*m\s*a\s*i\s*n\s*t\s*e\s*n\s*a\s*n\s*c\s*e,R\s*e\s*s\s*p\s*o\s*n\s*s\s*a\s*b\s*l\s*e\s* \s*d\s*e\s* \s*p\s*r\s*o\s*d\s*u\s*c\s*t\s*i\s*o\s*n,R\s*e\s*s\s*p\s*o\s*n\s*s\s*a\s*b\s*l\s*e\s* \s*q\s*u\s*a\s*l\s*i\s*t\s*(é|e),S\s*o\s*u\s*d\s*e\s*u\s*r,S\s*t\s*r\s*a\s*t\s*i\s*f\s*i\s*e\s*u\s*r,T\s*e\s*c\s*h\s*n\s*i\s*c\s*i\s*e\s*n\s* \s*b\s*u\s*r\s*e\s*a\s*u\s* \s*d\s*'\s*(é|e)\s*t\s*u\s*d\s*e\s*s,T\s*e\s*c\s*h\s*n\s*i\s*c\s*i\s*e\s*n\s* \s*d\s*e\s* \s*m\s*a\s*i\s*n\s*t\s*e\s*n\s*a\s*n\s*c\s*e,T\s*e\s*c\s*h\s*n\s*i\s*c\s*i\s*e\s*n\s* \s*d\s*e\s* \s*m\s*a\s*i\s*n\s*t\s*e\s*n\s*a\s*n\s*c\s*e\s* \s*i\s*t\s*i\s*n\s*(é|e)\s*r\s*a\s*n\s*t,T\s*e\s*c\s*h\s*n\s*i\s*c\s*i\s*e\s*n\s* \s*q\s*u\s*a\s*l\s*i\s*t\s*(é|e),T\s*e\s*c\s*h\s*n\s*i\s*c\s*i\s*e\s*n\s* \s*(é|e)\s*l\s*e\s*c\s*t\s*r\s*o\s*n\s*i\s*c\s*i\s*e\s*n,T\s*o\s*u\s*r\s*n\s*e\s*u\s*r,U\s*s\s*i\s*n\s*e\s*u\s*r,S\s*T\s*A\s*G\s*E
A\s*d\s*m\s*i\s*n\s*i\s*s\s*t\s*r\s*a\s*t\s*e\s*u\s*r\s* \s*L\s*i\s*n\s*u\s*x,A\s*d\s*m\s*i\s*n\s*i\s*s\s*t\s*r\s*a\s*t\s*e\s*u\s*r\s* \s*S\s*A\s*P,A\s*d\s*m\s*i\s*n\s*i\s*s\s*t\s*r\s*a\s*t\s*e\s*u\s*r\s* \s*S\s*h\s*a\s*r\s*e\s*p\s*o\s*i\s*n\s*t,A\s*d\s*m\s*i\s*n\s*i\s*s\s*t\s*r\s*a\s*t\s*e\s*u\s*r\s* \s*W\s*i\s*n\s*d\s*o\s*w\s*s,A\s*d\s*m\s*i\s*n\s*i\s*s\s*t\s*r\s*a\s*t\s*e\s*u\s*r\s* \s*b\s*a\s*s\s*e\s* \s*d\s*e\s* \s*d\s*o\s*n\s*n\s*(é|e)\s*e\s*s,A\s*d\s*m\s*i\s*n\s*i\s*s\s*t\s*r\s*a\s*t\s*e\s*u\s*r\s* \s*s\s*y\s*s\s*t\s*è\s*m\s*e\s*s,A\s*d\s*m\s*i\s*n\s*i\s*s\s*t\s*r\s*a\s*t\s*e\s*u\s*r\s* \s*u\s*n\s*i\s*x,A\s*n\s*a\s*l\s*y\s*s\s*t\s*e\s* \s*d\s*'\s*e\s*x\s*p\s*l\s*o\s*i\s*t\s*a\s*t\s*i\s*o\s*n,A\s*n\s*a\s*l\s*y\s*s\s*t\s*e\s* \s*d\s*e\s*v\s*e\s*l\s*o\s*p\s*p\s*e\s*u\s*r,A\s*n\s*a\s*l\s*y\s*s\s*t\s*e\s*-\s*p\s*r\s*o\s*g\s*r\s*a\s*m\s*m\s*e\s*u\s*r,A\s*r\s*c\s*h\s*i\s*t\s*e\s*c\s*t\s*e\s* \s*J\s*a\s*v\s*a,A\s*r\s*c\s*h\s*i\s*t\s*e\s*c\s*t\s*e\s* \s*S\s*I,A\s*r\s*c\s*h\s*i\s*t\s*e\s*c\s*t\s*e\s* \s*i\s*n\s*f\s*o\s*r\s*m\s*a\s*t\s*i\s*q\s*u\s*e,A\s*r\s*c\s*h\s*i\s*t\s*e\s*c\s*t\s*e\s* \s*l\s*o\s*g\s*i\s*c\s*i\s*e\s*l,A\s*r\s*c\s*h\s*i\s*t\s*e\s*c\s*t\s*e\s* \s*r\s*(é|e)\s*s\s*e\s*a\s*u,A\s*r\s*c\s*h\s*i\s*t\s*e\s*c\s*t\s*e\s* \s*t\s*e\s*c\s*h\s*n\s*i\s*q\s*u\s*e,C\s*h\s*e\s*f\s* \s*d\s*e\s* \s*p\s*r\s*o\s*j\s*e\s*t\s* \s*.\s*N\s*E\s*T,C\s*h\s*e\s*f\s* \s*d\s*e\s* \s*p\s*r\s*o\s*j\s*e\s*t\s* \s*A\s*M\s*O\s*A,C\s*h\s*e\s*f\s* \s*d\s*e\s* \s*p\s*r\s*o\s*j\s*e\s*t\s* \s*J\s*a\s*v\s*a,C\s*h\s*e\s*f\s* \s*d\s*e\s* \s*p\s*r\s*o\s*j\s*e\s*t\s* \s*M\s*O\s*A,C\s*h\s*e\s*f\s* \s*d\s*e\s* \s*p\s*r\s*o\s*j\s*e\s*t\s* \s*M\s*O\s*E,C\s*h\s*e\s*f\s* \s*d\s*e\s* \s*p\s*r\s*o\s*j\s*e\s*t\s* \s*d\s*(é|e)\s*c\s*i\s*s\s*i\s*o\s*n\s*n\s*e\s*l,C\s*h\s*e\s*f\s* \s*d\s*e\s* \s*p\s*r\s*o\s*j\s*e\s*t\s* \s*e\s*r\s*p,C\s*h\s*e\s*f\s* \s*d\s*e\s* \s*p\s*r\s*o\s*j\s*e\s*t\s* \s*f\s*o\s*n\s*c\s*t\s*i\s*o\s*n\s*n\s*e\s*l,C\s*h\s*e\s*f\s* \s*d\s*e\s* \s*p\s*r\s*o\s*j\s*e\s*t\s* \s*i\s*n\s*f\s*o\s*r\s*m\s*a\s*t\s*i\s*q\s*u\s*e,C\s*h\s*e\s*f\s* \s*d\s*e\s* \s*p\s*r\s*o\s*j\s*e\s*t\s* \s*i\s*n\s*f\s*r\s*a\s*s\s*t\s*r\s*u\s*c\s*t\s*u\s*r\s*e,C\s*h\s*e\s*f\s* \s*d\s*e\s* \s*p\s*r\s*o\s*j\s*e\s*t\s* \s*m\s*o\s*b\s*i\s*l\s*e,C\s*h\s*e\s*f\s* \s*d\s*e\s* \s*p\s*r\s*o\s*j\s*e\s*t\s* \s*t\s*e\s*c\s*h\s*n\s*i\s*q\s*u\s*e,C\s*h\s*e\s*f\s* \s*d\s*e\s* \s*p\s*r\s*o\s*j\s*e\s*t\s* \s*w\s*e\s*b,C\s*o\s*n\s*c\s*e\s*p\s*t\s*e\s*u\s*r\s* \s*d\s*e\s*s\s*i\s*g\s*n\s*e\s*r,C\s*o\s*n\s*s\s*u\s*l\s*t\s*a\s*n\s*t\s* \s*A\s*M\s*O\s*A,C\s*o\s*n\s*s\s*u\s*l\s*t\s*a\s*n\s*t\s* \s*S\s*A\s*P,C\s*o\s*n\s*s\s*u\s*l\s*t\s*a\s*n\s*t\s* \s*S\s*E\s*O,C\s*o\s*n\s*s\s*u\s*l\s*t\s*a\s*n\s*t\s* \s*S\s*I\s*R\s*H,C\s*o\s*n\s*s\s*u\s*l\s*t\s*a\s*n\s*t\s* \s*S\s*(é|e)\s*c\s*u\s*r\s*i\s*t\s*(é|e),C\s*o\s*n\s*s\s*u\s*l\s*t\s*a\s*n\s*t\s* \s*f\s*o\s*n\s*c\s*t\s*i\s*o\s*n\s*n\s*e\s*l,C\s*o\s*n\s*s\s*u\s*l\s*t\s*a\s*n\s*t\s* \s*i\s*n\s*f\s*o\s*r\s*m\s*a\s*t\s*i\s*q\s*u\s*e,C\s*o\s*o\s*r\s*d\s*i\s*n\s*a\s*t\s*e\s*u\s*r\s* \s*i\s*n\s*f\s*o\s*r\s*m\s*a\s*t\s*i\s*q\s*u\s*e,D\s*a\s*t\s*a\s* \s*S\s*c\s*i\s*e\s*n\s*t\s*i\s*s\s*t,D\s*e\s*v\s*e\s*l\s*o\s*p\s*p\s*e\s*u\s*r\s* \s*f\s*u\s*l\s*l\s* \s*s\s*t\s*a\s*c\s*k,D\s*i\s*r\s*e\s*c\s*t\s*e\s*u\s*r\s* \s*i\s*n\s*f\s*o\s*r\s*m\s*a\s*t\s*i\s*q\s*u\s*e,D\s*(é|e)\s*v\s*e\s*l\s*o\s*p\s*p\s*e\s*u\s*r\s* \s*.\s*N\s*E\s*T,D\s*(é|e)\s*v\s*e\s*l\s*o\s*p\s*p\s*e\s*u\s*r\s* \s*A\s*n\s*d\s*r\s*o\s*i\s*d,D\s*(é|e)\s*v\s*e\s*l\s*o\s*p\s*p\s*e\s*u\s*r\s* \s*C,D\s*(é|e)\s*v\s*e\s*l\s*o\s*p\s*p\s*e\s*u\s*r\s* \s*C\s*+\s*+,D\s*(é|e)\s*v\s*e\s*l\s*o\s*p\s*p\s*e\s*u\s*r\s* \s*F\s*l\s*a\s*s\s*h,D\s*(é|e)\s*v\s*e\s*l\s*o\s*p\s*p\s*e\s*u\s*r\s* \s*J\s*a\s*v\s*a,D\s*(é|e)\s*v\s*e\s*l\s*o\s*p\s*p\s*e\s*u\s*r\s* \s*P\s*H\s*P,D\s*(é|e)\s*v\s*e\s*l\s*o\s*p\s*p\s*e\s*u\s*r\s* \s*P\s*y\s*t\s*h\s*o\s*n,D\s*(é|e)\s*v\s*e\s*l\s*o\s*p\s*p\s*e\s*u\s*r\s* \s*S\s*Q\s*L,D\s*(é|e)\s*v\s*e\s*l\s*o\s*p\s*p\s*e\s*u\s*r\s* \s*V\s*B\s*A,D\s*(é|e)\s*v\s*e\s*l\s*o\s*p\s*p\s*e\s*u\s*r\s* \s*b\s*a\s*c\s*k\s* \s*e\s*n\s*d,D\s*(é|e)\s*v\s*e\s*l\s*o\s*p\s*p\s*e\s*u\s*r\s* \s*f\s*r\s*o\s*n\s*t\s* \s*e\s*n\s*d,D\s*(é|e)\s*v\s*e\s*l\s*o\s*p\s*p\s*e\s*u\s*r\s* \s*i\s*n\s*f\s*o\s*r\s*m\s*a\s*t\s*i\s*q\s*u\s*e,D\s*(é|e)\s*v\s*e\s*l\s*o\s*p\s*p\s*e\s*u\s*r\s* \s*l\s*o\s*g\s*i\s*c\s*i\s*e\s*l,E\s*l\s*e\s*c\s*t\s*r\s*o\s*n\s*i\s*c\s*i\s*e\s*n,E\s*x\s*p\s*e\s*r\s*t\s* \s*s\s*(é|e)\s*c\s*u\s*r\s*i\s*t\s*(é|e),F\s*o\s*r\s*m\s*a\s*t\s*e\s*u\s*r\s* \s*i\s*n\s*f\s*o\s*r\s*m\s*a\s*t\s*i\s*q\s*u\s*e,G\s*(é|e)\s*o\s*m\s*a\s*t\s*i\s*c\s*i\s*e\s*n,I\s*T\s* \s*m\s*a\s*n\s*a\s*g\s*e\s*r,I\s*n\s*f\s*o\s*r\s*m\s*a\s*t\s*i\s*c\s*i\s*e\s*n,I\s*n\s*g\s*e\s*n\s*i\s*e\s*u\s*r\s* \s*d\s*e\s*v\s*o\s*p\s*s,I\s*n\s*g\s*(é|e)\s*n\s*i\s*e\s*u\s*r\s* \s*U\s*n\s*i\s*x,I\s*n\s*g\s*(é|e)\s*n\s*i\s*e\s*u\s*r\s* \s*c\s*o\s*m\s*m\s*e\s*r\s*c\s*i\s*a\s*l\s* \s*i\s*n\s*f\s*o\s*r\s*m\s*a\s*t\s*i\s*q\s*u\s*e,I\s*n\s*g\s*(é|e)\s*n\s*i\s*e\s*u\s*r\s* \s*d\s*(é|e)\s*c\s*i\s*s\s*i\s*o\s*n\s*n\s*e\s*l,I\s*n\s*g\s*(é|e)\s*n\s*i\s*e\s*u\s*r\s* \s*d\s*(é|e)\s*v\s*e\s*l\s*o\s*p\s*p\s*e\s*u\s*r,I\s*n\s*g\s*(é|e)\s*n\s*i\s*e\s*u\s*r\s* \s*i\s*n\s*f\s*o\s*r\s*m\s*a\s*t\s*i\s*q\s*u\s*e,I\s*n\s*g\s*(é|e)\s*n\s*i\s*e\s*u\s*r\s* \s*l\s*o\s*g\s*i\s*c\s*i\s*e\s*l,I\s*n\s*g\s*(é|e)\s*n\s*i\s*e\s*u\s*r\s* \s*p\s*o\s*s\s*t\s*e\s* \s*d\s*e\s* \s*t\s*r\s*a\s*v\s*a\s*i\s*l,I\s*n\s*g\s*(é|e)\s*n\s*i\s*e\s*u\s*r\s* \s*s\s*u\s*p\s*p\s*o\s*r\s*t,I\s*n\s*g\s*(é|e)\s*n\s*i\s*e\s*u\s*r\s* \s*s\s*y\s*s\s*t\s*è\s*m\s*e,I\s*n\s*g\s*(é|e)\s*n\s*i\s*e\s*u\s*r\s* \s*s\s*(é|e)\s*c\s*u\s*r\s*i\s*t\s*(é|e),I\s*n\s*g\s*(é|e)\s*n\s*i\s*e\s*u\s*r\s* \s*t\s*r\s*a\s*i\s*t\s*e\s*m\s*e\s*n\s*t\s* \s*d\s*u\s* \s*s\s*i\s*g\s*n\s*a\s*l,I\s*n\s*t\s*(é|e)\s*g\s*r\s*a\s*t\s*e\s*u\s*r\s* \s*w\s*e\s*b,M\s*o\s*t\s*i\s*o\s*n\s* \s*d\s*e\s*s\s*i\s*g\s*n\s*e\s*r,P\s*r\s*o\s*g\s*r\s*a\s*m\s*m\s*e\s*u\s*r\s* \s*i\s*n\s*f\s*o\s*r\s*m\s*a\s*t\s*i\s*q\s*u\s*e,S\s*c\s*r\s*u\s*m\s* \s*m\s*a\s*s\s*t\s*e\s*r,T\s*e\s*c\s*h\s*n\s*i\s*c\s*i\s*e\s*n\s* \s*d\s*e\s* \s*m\s*a\s*i\s*n\s*t\s*e\s*n\s*a\s*n\s*c\s*e\s* \s*i\s*n\s*f\s*o\s*r\s*m\s*a\s*t\s*i\s*q\s*u\s*e,T\s*e\s*c\s*h\s*n\s*i\s*c\s*i\s*e\s*n\s* \s*h\s*e\s*l\s*p\s*d\s*e\s*s\s*k,T\s*e\s*c\s*h\s*n\s*i\s*c\s*i\s*e\s*n\s* \s*s\s*u\s*p\s*p\s*o\s*r\s*t\s* \s*i\s*n\s*f\s*o\s*r\s*m\s*a\s*t\s*i\s*q\s*u\s*e,W\s*e\s*b\s*d\s*e\s*s\s*i\s*g\s*n\s*e\s*r,S\s*T\s*A\s*G\s*E
A\s*c\s*o\s*u\s*s\s*t\s*i\s*c\s*i\s*e\s*n,A\s*u\s*t\s*o\s*m\s*a\s*t\s*i\s*c\s*i\s*e\s*n,C\s*h\s*a\s*r\s*g\s*(é|e)\s* \s*d\s*'\s*a\s*f\s*f\s*a\s*i\s*r\s*e\s*s\s* \s*c\s*v\s*c,C\s*h\s*a\s*u\s*d\s*r\s*o\s*n\s*n\s*i\s*e\s*r\s* \s*n\s*a\s*v\s*a\s*l,D\s*e\s*s\s*s\s*i\s*n\s*a\s*t\s*e\s*u\s*r\s* \s*c\s*v\s*c,H\s*y\s*d\s*r\s*a\s*u\s*l\s*i\s*c\s*i\s*e\s*n,I\s*n\s*g\s*(é|e)\s*n\s*i\s*e\s*u\s*r\s* \s*G\s*(é|e)\s*n\s*i\s*e\s* \s*d\s*e\s*s\s* \s*p\s*r\s*o\s*c\s*(é|e)\s*d\s*(é|e)\s*s,I\s*n\s*g\s*(é|e)\s*n\s*i\s*e\s*u\s*r\s* \s*R\s*&\s*D,I\s*n\s*g\s*(é|e)\s*n\s*i\s*e\s*u\s*r\s* \s*a\s*c\s*o\s*u\s*s\s*t\s*i\s*q\s*u\s*e,I\s*n\s*g\s*(é|e)\s*n\s*i\s*e\s*u\s*r\s* \s*a\s*u\s*t\s*o\s*m\s*a\s*t\s*i\s*c\s*i\s*e\s*n,I\s*n\s*g\s*(é|e)\s*n\s*i\s*e\s*u\s*r\s* \s*a\s*u\s*t\s*o\s*m\s*o\s*b\s*i\s*l\s*e,I\s*n\s*g\s*(é|e)\s*n\s*i\s*e\s*u\s*r\s* \s*a\s*(é|e)\s*r\s*o\s*n\s*a\s*u\s*t\s*i\s*q\s*u\s*e,I\s*n\s*g\s*(é|e)\s*n\s*i\s*e\s*u\s*r\s* \s*c\s*a\s*l\s*c\s*u\s*l,I\s*n\s*g\s*(é|e)\s*n\s*i\s*e\s*u\s*r\s* \s*c\s*o\s*n\s*t\s*r\s*ô\s*l\s*e\s* \s*c\s*o\s*m\s*m\s*a\s*n\s*d\s*e,I\s*n\s*g\s*(é|e)\s*n\s*i\s*e\s*u\s*r\s* \s*d\s*e\s* \s*r\s*e\s*c\s*h\s*e\s*r\s*c\s*h\s*e,I\s*n\s*g\s*(é|e)\s*n\s*i\s*e\s*u\s*r\s* \s*e\s*a\s*u,I\s*n\s*g\s*(é|e)\s*n\s*i\s*e\s*u\s*r\s* \s*e\s*n\s* \s*o\s*p\s*t\s*i\s*q\s*u\s*e,I\s*n\s*g\s*(é|e)\s*n\s*i\s*e\s*u\s*r\s* \s*g\s*(é|e)\s*n\s*i\s*e\s* \s*c\s*i\s*v\s*i\s*l,I\s*n\s*g\s*(é|e)\s*n\s*i\s*e\s*u\s*r\s* \s*l\s*a\s*s\s*e\s*r,I\s*n\s*g\s*(é|e)\s*n\s*i\s*e\s*u\s*r\s* \s*m\s*a\s*t\s*h\s*(é|e)\s*m\s*a\s*t\s*i\s*q\s*u\s*e\s*s\s* \s*a\s*p\s*p\s*l\s*i\s*q\s*u\s*(é|e)\s*e\s*s,I\s*n\s*g\s*(é|e)\s*n\s*i\s*e\s*u\s*r\s* \s*m\s*a\s*t\s*(é|e)\s*r\s*i\s*a\s*u\s*x,I\s*n\s*g\s*(é|e)\s*n\s*i\s*e\s*u\s*r\s* \s*m\s*i\s*c\s*r\s*o\s* \s*(é|e)\s*l\s*e\s*c\s*t\s*r\s*o\s*n\s*i\s*q\s*u\s*e,I\s*n\s*g\s*(é|e)\s*n\s*i\s*e\s*u\s*r\s* \s*m\s*o\s*d\s*(é|e)\s*l\s*i\s*s\s*a\s*t\s*i\s*o\s*n,I\s*n\s*g\s*(é|e)\s*n\s*i\s*e\s*u\s*r\s* \s*m\s*(é|e)\s*c\s*a\s*n\s*i\s*q\s*u\s*e\s* \s*d\s*e\s*s\s* \s*f\s*l\s*u\s*i\s*d\s*e\s*s,I\s*n\s*g\s*(é|e)\s*n\s*i\s*e\s*u\s*r\s* \s*m\s*(é|e)\s*c\s*a\s*t\s*r\s*o\s*n\s*i\s*q\s*u\s*e,I\s*n\s*g\s*(é|e)\s*n\s*i\s*e\s*u\s*r\s* \s*m\s*(é|e)\s*t\s*h\s*o\s*d\s*e\s*s,I\s*n\s*g\s*(é|e)\s*n\s*i\s*e\s*u\s*r\s* \s*n\s*u\s*c\s*l\s*(é|e)\s*a\s*i\s*r\s*e,I\s*n\s*g\s*(é|e)\s*n\s*i\s*e\s*u\s*r\s* \s*p\s*r\s*o\s*c\s*(é|e)\s*d\s*(é|e)\s*s,I\s*n\s*g\s*(é|e)\s*n\s*i\s*e\s*u\s*r\s* \s*r\s*o\s*b\s*o\s*t\s*i\s*q\s*u\s*e,I\s*n\s*g\s*(é|e)\s*n\s*i\s*e\s*u\s*r\s* \s*s\s*i\s*m\s*u\s*l\s*a\s*t\s*i\s*o\s*n\s* \s*n\s*u\s*m\s*(é|e)\s*r\s*i\s*q\s*u\s*e,I\s*n\s*g\s*(é|e)\s*n\s*i\s*e\s*u\s*r\s* \s*s\s*û\s*r\s*e\s*t\s*(é|e),I\s*n\s*g\s*(é|e)\s*n\s*i\s*e\s*u\s*r\s* \s*(é|e)\s*l\s*e\s*c\s*t\s*r\s*i\s*c\s*i\s*t\s*(é|e),I\s*n\s*g\s*(é|e)\s*n\s*i\s*e\s*u\s*r\s* \s*(é|e)\s*l\s*e\s*c\s*t\s*r\s*o\s*n\s*i\s*q\s*u\s*e,M\s*e\s*t\s*t\s*e\s*u\s*r\s* \s*a\s*u\s* \s*p\s*o\s*i\s*n\s*t\s* \s*c\s*l\s*i\s*m\s*a\s*t\s*i\s*s\s*a\s*t\s*i\s*o\s*n,S\s*T\s*A\s*G\s*E
A\s*f\s*f\s*r\s*(é|e)\s*t\s*e\s*u\s*r,A\s*g\s*e\s*n\s*t\s* \s*d\s*e\s* \s*l\s*o\s*g\s*i\s*s\s*t\s*i\s*q\s*u\s*e,A\s*g\s*e\s*n\s*t\s* \s*d\s*e\s* \s*q\s*u\s*a\s*i,A\s*g\s*e\s*n\s*t\s* \s*d\s*e\s* \s*t\s*r\s*a\s*n\s*s\s*i\s*t,A\s*n\s*a\s*l\s*y\s*s\s*t\s*e\s* \s*l\s*o\s*g\s*i\s*s\s*t\s*i\s*q\s*u\s*e,A\s*p\s*p\s*r\s*o\s*v\s*i\s*s\s*i\s*o\s*n\s*n\s*e\s*u\s*r,A\s*s\s*s\s*i\s*s\s*t\s*a\s*n\s*t\s* \s*a\s*p\s*p\s*r\s*o\s*v\s*i\s*s\s*i\s*o\s*n\s*n\s*e\s*m\s*e\s*n\s*t,A\s*s\s*s\s*i\s*s\s*t\s*a\s*n\s*t\s* \s*d\s*'\s*e\s*x\s*p\s*l\s*o\s*i\s*t\s*a\s*t\s*i\s*o\s*n,A\s*s\s*s\s*i\s*s\s*t\s*a\s*n\s*t\s* \s*i\s*m\s*p\s*o\s*r\s*t\s* \s*e\s*x\s*p\s*o\s*r\s*t,A\s*s\s*s\s*i\s*s\s*t\s*a\s*n\s*t\s* \s*l\s*o\s*g\s*i\s*s\s*t\s*i\s*q\s*u\s*e,C\s*h\s*e\s*f\s* \s*d\s*e\s* \s*d\s*(é|e)\s*p\s*ô\s*t,C\s*h\s*e\s*f\s* \s*d\s*e\s* \s*p\s*r\s*o\s*j\s*e\s*t\s* \s*l\s*o\s*g\s*i\s*s\s*t\s*i\s*q\s*u\s*e,C\s*o\s*n\s*d\s*u\s*c\s*t\s*e\s*u\s*r\s* \s*r\s*o\s*u\s*t\s*i\s*e\s*r,C\s*o\s*n\s*d\s*u\s*c\s*t\s*e\s*u\s*r\s* \s*r\s*o\s*u\s*t\s*i\s*e\s*r\s* \s*p\s*l,C\s*o\s*n\s*d\s*u\s*c\s*t\s*e\s*u\s*r\s* \s*r\s*o\s*u\s*t\s*i\s*e\s*r\s* \s*s\s*p\s*l,C\s*o\s*n\s*s\s*u\s*l\s*t\s*a\s*n\s*t\s* \s*s\s*u\s*p\s*p\s*l\s*y\s* \s*c\s*h\s*a\s*i\s*n,C\s*o\s*o\s*r\s*d\s*i\s*n\s*a\s*t\s*e\s*u\s*r\s* \s*l\s*o\s*g\s*i\s*s\s*t\s*i\s*q\s*u\s*e,C\s*o\s*u\s*r\s*s\s*i\s*e\s*r,D\s*i\s*r\s*e\s*c\s*t\s*e\s*u\s*r\s* \s*l\s*o\s*g\s*i\s*s\s*t\s*i\s*q\s*u\s*e,D\s*i\s*r\s*e\s*c\s*t\s*e\s*u\s*r\s* \s*s\s*u\s*p\s*p\s*l\s*y\s* \s*c\s*h\s*a\s*i\s*n,D\s*i\s*s\s*p\s*a\s*t\s*c\s*h\s*e\s*u\s*r,G\s*e\s*s\s*t\s*i\s*o\s*n\s*n\s*a\s*i\s*r\s*e\s* \s*d\s*e\s* \s*p\s*a\s*r\s*c\s* \s*a\s*u\s*t\s*o\s*m\s*o\s*b\s*i\s*l\s*e,G\s*e\s*s\s*t\s*i\s*o\s*n\s*n\s*a\s*i\s*r\s*e\s* \s*d\s*e\s* \s*s\s*t\s*o\s*c\s*k\s*s,I\s*n\s*g\s*(é|e)\s*n\s*i\s*e\s*u\s*r\s* \s*l\s*o\s*g\s*i\s*s\s*t\s*i\s*q\s*u\s*e,I\s*n\s*v\s*e\s*n\s*t\s*o\s*r\s*i\s*s\s*t\s*e,L\s*o\s*g\s*i\s*s\s*t\s*i\s*c\s*i\s*e\s*n,M\s*a\s*g\s*a\s*s\s*i\s*n\s*i\s*e\s*r,M\s*a\s*n\s*u\s*t\s*e\s*n\s*t\s*i\s*o\s*n\s*n\s*a\s*i\s*r\s*e,O\s*p\s*(é|e)\s*r\s*a\s*t\s*e\s*u\s*r\s* \s*l\s*o\s*g\s*i\s*s\s*t\s*i\s*q\s*u\s*e,P\s*i\s*l\s*o\s*t\s*e\s* \s*d\s*e\s* \s*f\s*l\s*u\s*x,P\s*r\s*(é|e)\s*p\s*a\s*r\s*a\s*t\s*e\s*u\s*r\s* \s*d\s*e\s* \s*c\s*o\s*m\s*m\s*a\s*n\s*d\s*e,R\s*e\s*s\s*p\s*o\s*n\s*s\s*a\s*b\s*l\s*e\s* \s*e\s*x\s*p\s*l\s*o\s*i\s*t\s*a\s*t\s*i\s*o\s*n,R\s*e\s*s\s*p\s*o\s*n\s*s\s*a\s*b\s*l\s*e\s* \s*l\s*o\s*g\s*i\s*s\s*t\s*i\s*q\s*u\s*e,T\s*e\s*c\s*h\s*n\s*i\s*c\s*i\s*e\s*n\s* \s*l\s*o\s*g\s*i\s*s\s*t\s*i\s*q\s*u\s*e,g\s*e\s*s\s*t\s*i\s*o\s*n\s*n\s*a\s*i\s*r\s*e\s* \s*d\s*e\s* \s*f\s*l\s*u\s*x,S\s*T\s*A\s*G\s*E
A\s*n\s*a\s*l\s*y\s*s\s*t\s*e\s* \s*d\s*e\s* \s*d\s*o\s*n\s*n\s*(é|e)\s*e\s*s,A\s*s\s*s\s*i\s*s\s*t\s*a\s*n\s*t\s* \s*c\s*h\s*e\s*f\s* \s*d\s*e\s* \s*p\s*r\s*o\s*d\s*u\s*i\s*t\s* \s*m\s*a\s*r\s*k\s*e\s*t\s*i\s*n\s*g,A\s*s\s*s\s*i\s*s\s*t\s*a\s*n\s*t\s* \s*c\s*h\s*e\s*f\s* \s*d\s*e\s* \s*p\s*r\s*o\s*j\s*e\s*t\s* \s*m\s*a\s*r\s*k\s*e\s*t\s*i\s*n\s*g,A\s*s\s*s\s*i\s*s\s*t\s*a\s*n\s*t\s* \s*m\s*a\s*r\s*k\s*e\s*t\s*i\s*n\s*g,B\s*i\s*d\s* \s*m\s*a\s*n\s*a\s*g\s*e\s*r,B\s*r\s*a\s*n\s*d\s* \s*m\s*a\s*n\s*a\s*g\s*e\s*r,C\s*a\s*t\s*e\s*g\s*o\s*r\s*y\s* \s*m\s*a\s*n\s*a\s*g\s*e\s*r,C\s*h\s*a\s*r\s*g\s*(é|e)\s* \s*d\s*'\s*(é|e)\s*t\s*u\s*d\s*e\s*s\s* \s*s\s*t\s*a\s*t\s*i\s*s\s*t\s*i\s*q\s*u\s*e\s*s,C\s*h\s*a\s*r\s*g\s*(é|e)\s* \s*d\s*e\s* \s*m\s*a\s*r\s*k\s*e\s*t\s*i\s*n\s*g,C\s*h\s*e\s*f\s* \s*d\s*e\s* \s*p\s*r\s*o\s*d\s*u\s*i\s*t,C\s*h\s*e\s*f\s* \s*d\s*e\s* \s*p\s*r\s*o\s*j\s*e\s*t\s* \s*m\s*a\s*r\s*k\s*e\s*t\s*i\s*n\s*g,C\s*h\s*e\s*f\s* \s*d\s*e\s* \s*p\s*r\s*o\s*j\s*e\s*t\s* \s*w\s*e\s*b\s* \s*m\s*a\s*r\s*k\s*e\s*t\s*i\s*n\s*g,C\s*o\s*n\s*c\s*e\s*p\s*t\s*e\s*u\s*r\s* \s*r\s*(é|e)\s*d\s*a\s*c\s*t\s*e\s*u\s*r,C\s*o\s*o\s*r\s*d\s*i\s*n\s*a\s*t\s*e\s*u\s*r\s* \s*M\s*a\s*r\s*k\s*e\s*t\s*i\s*n\s*g,D\s*e\s*s\s*i\s*g\s*n\s*e\s*r,D\s*i\s*r\s*e\s*c\s*t\s*e\s*u\s*r\s* \s*a\s*r\s*t\s*i\s*s\s*t\s*i\s*q\s*u\s*e,D\s*i\s*r\s*e\s*c\s*t\s*e\s*u\s*r\s* \s*d\s*e\s* \s*c\s*l\s*i\s*e\s*n\s*t\s*è\s*l\s*e,D\s*i\s*r\s*e\s*c\s*t\s*e\s*u\s*r\s* \s*m\s*a\s*r\s*k\s*e\s*t\s*i\s*n\s*g,D\s*i\s*s\s*t\s*r\s*i\s*b\s*u\s*t\s*e\s*u\s*r,E\s*n\s*q\s*u\s*ê\s*t\s*e\s*u\s*r\s* \s*s\s*o\s*n\s*d\s*a\s*g\s*e,E\s*n\s*q\s*u\s*ê\s*t\s*e\s*u\s*r\s* \s*t\s*e\s*r\s*r\s*a\s*i\s*n,P\s*a\s*n\s*(é|e)\s*l\s*i\s*s\s*t\s*e,R\s*e\s*s\s*p\s*o\s*n\s*s\s*a\s*b\s*l\s*e\s* \s*m\s*a\s*r\s*k\s*e\s*t\s*i\s*n\s*g,T\s*r\s*a\s*f\s*f\s*i\s*c\s* \s*m\s*a\s*n\s*a\s*g\s*e\s*r,S\s*T\s*A\s*G\s*E
A\s*i\s*d\s*e\s* \s*m\s*(é|e)\s*c\s*a\s*n\s*i\s*c\s*i\s*e\s*n,A\s*s\s*c\s*e\s*n\s*s\s*o\s*r\s*i\s*s\s*t\s*e,C\s*h\s*e\s*f\s* \s*m\s*(é|e)\s*c\s*a\s*n\s*i\s*c\s*i\s*e\s*n,C\s*o\s*n\s*t\s*r\s*ô\s*l\s*e\s*u\s*r\s* \s*t\s*e\s*c\s*h\s*n\s*i\s*q\s*u\s*e\s* \s*a\s*u\s*t\s*o\s*m\s*o\s*b\s*i\s*l\s*e,D\s*e\s*s\s*s\s*i\s*n\s*a\s*t\s*e\s*u\s*r\s* \s*m\s*(é|e)\s*c\s*a\s*n\s*i\s*q\s*u\s*e,D\s*(é|e)\s*p\s*a\s*n\s*n\s*e\s*u\s*r\s* \s*r\s*e\s*m\s*o\s*r\s*q\s*u\s*e\s*u\s*r,E\s*l\s*e\s*c\s*t\s*r\s*i\s*c\s*i\s*e\s*n\s* \s*a\s*u\s*t\s*o\s*m\s*o\s*b\s*i\s*l\s*e,E\s*l\s*e\s*c\s*t\s*r\s*o\s*m\s*(é|e)\s*c\s*a\s*n\s*i\s*c\s*i\s*e\s*n,I\s*n\s*g\s*e\s*n\s*i\s*e\s*u\s*r\s* \s*c\s*o\s*n\s*c\s*e\s*p\s*t\s*i\s*o\s*n\s* \s*m\s*e\s*c\s*a\s*n\s*i\s*q\s*u\s*e,I\s*n\s*g\s*(é|e)\s*n\s*i\s*e\s*u\s*r\s* \s*e\s*n\s* \s*g\s*(é|e)\s*n\s*i\s*e\s* \s*m\s*(é|e)\s*c\s*a\s*n\s*i\s*q\s*u\s*e,I\s*n\s*g\s*(é|e)\s*n\s*i\s*e\s*u\s*r\s* \s*m\s*(é|e)\s*c\s*a\s*n\s*i\s*q\s*u\s*e,M\s*o\s*n\s*t\s*e\s*u\s*r\s* \s*m\s*(é|e)\s*c\s*a\s*n\s*i\s*q\s*u\s*e,M\s*(é|e)\s*c\s*a\s*n\s*i\s*c\s*i\s*e\s*n\s* \s*a\s*u\s*t\s*o\s*m\s*o\s*b\s*i\s*l\s*e,M\s*(é|e)\s*c\s*a\s*n\s*i\s*c\s*i\s*e\s*n\s* \s*m\s*o\s*n\s*t\s*e\s*u\s*r,M\s*(é|e)\s*c\s*a\s*n\s*i\s*c\s*i\s*e\s*n\s* \s*m\s*o\s*t\s*o,M\s*(é|e)\s*c\s*a\s*n\s*i\s*c\s*i\s*e\s*n\s* \s*m\s*o\s*t\s*o\s*c\s*u\s*l\s*t\s*u\s*r\s*e,M\s*(é|e)\s*c\s*a\s*n\s*i\s*c\s*i\s*e\s*n\s* \s*o\s*u\s*t\s*i\s*l\s*l\s*e\s*u\s*r,M\s*(é|e)\s*c\s*a\s*n\s*i\s*c\s*i\s*e\s*n\s* \s*p\s*o\s*i\s*d\s*s\s* \s*l\s*o\s*u\s*r\s*d\s*s,P\s*r\s*(é|e)\s*p\s*a\s*r\s*a\s*t\s*e\s*u\s*r\s* \s*a\s*u\s*t\s*o\s*m\s*o\s*b\s*i\s*l\s*e,T\s*e\s*c\s*h\s*n\s*i\s*c\s*i\s*e\s*n\s* \s*a\s*u\s*t\s*o\s*m\s*o\s*b\s*i\s*l\s*e,S\s*T\s*A\s*G\s*E
C\s*a\s*d\s*r\s*e\s*u\s*r\s* \s*m\s*o\s*n\s*t\s*e\s*u\s*r,C\s*h\s*e\s*f\s* \s*d\s*e\s* \s*r\s*u\s*b\s*r\s*i\s*q\s*u\s*e,G\s*r\s*a\s*p\s*h\s*i\s*s\s*t\s*e\s* \s*P\s*A\s*O,G\s*r\s*a\s*p\s*h\s*i\s*s\s*t\s*e\s* \s*d\s*e\s*s\s*i\s*g\s*n\s*e\s*r,G\s*r\s*a\s*p\s*h\s*i\s*s\s*t\s*e\s* \s*m\s*u\s*l\s*t\s*i\s*m\s*(é|e)\s*d\s*i\s*a\s*s,I\s*n\s*f\s*o\s*g\s*r\s*a\s*p\s*h\s*i\s*s\s*t\s*e\s* \s*m\s*u\s*l\s*t\s*i\s*m\s*(é|e)\s*d\s*i\s*a\s*s,J\s*o\s*u\s*r\s*n\s*a\s*l\s*i\s*s\s*t\s*e,M\s*a\s*q\s*u\s*e\s*t\s*t\s*i\s*s\s*t\s*e,M\s*a\s*s\s*s\s*i\s*c\s*o\s*t\s*i\s*e\s*r,M\s*o\s*n\s*t\s*e\s*u\s*r\s* \s*v\s*i\s*d\s*(é|e)\s*o,R\s*e\s*l\s*e\s*c\s*t\s*e\s*u\s*r\s*-\s*c\s*o\s*r\s*r\s*e\s*c\s*t\s*e\s*u\s*r,R\s*(é|e)\s*d\s*a\s*c\s*t\s*e\s*u\s*r\s* \s*e\s*n\s* \s*c\s*h\s*e\s*f,R\s*(é|e)\s*d\s*a\s*c\s*t\s*e\s*u\s*r\s* \s*s\s*c\s*i\s*e\s*n\s*t\s*i\s*f\s*i\s*q\s*u\s*e,S\s*e\s*c\s*r\s*(é|e)\s*t\s*a\s*i\s*r\s*e\s* \s*d\s*e\s* \s*r\s*(é|e)\s*d\s*a\s*c\s*t\s*i\s*o\s*n,S\s*(é|e)\s*r\s*i\s*g\s*r\s*a\s*p\s*h\s*e,S\s*T\s*A\s*G\s*E
A\s*T\s*S\s*E\s*M,A\s*g\s*e\s*n\s*t\s* \s*s\s*e\s*r\s*v\s*i\s*c\s*e\s* \s*c\s*r\s*è\s*c\s*h\s*e,A\s*i\s*d\s*e\s*-\s*(é|e)\s*d\s*u\s*c\s*a\s*t\s*e\s*u\s*r,A\s*n\s*i\s*m\s*a\s*t\s*e\s*u\s*r\s* \s*c\s*e\s*n\s*t\s*r\s*e\s* \s*l\s*o\s*i\s*s\s*i\s*r\s*s,A\s*n\s*i\s*m\s*a\s*t\s*e\s*u\s*r\s* \s*e\s*n\s*f\s*a\s*n\s*t\s*s,A\s*n\s*i\s*m\s*a\s*t\s*e\s*u\s*r\s* \s*p\s*(é|e)\s*r\s*i\s*s\s*c\s*o\s*l\s*a\s*i\s*r\s*e,A\s*s\s*s\s*i\s*s\s*t\s*a\s*n\s*t\s*e\s* \s*m\s*a\s*t\s*e\s*r\s*n\s*e\s*l\s*l\s*e,A\s*u\s*x\s*i\s*l\s*i\s*a\s*i\s*r\s*e\s* \s*c\s*r\s*è\s*c\s*h\s*e,A\s*u\s*x\s*i\s*l\s*i\s*a\s*i\s*r\s*e\s* \s*p\s*e\s*t\s*i\s*t\s*e\s* \s*e\s*n\s*f\s*a\s*n\s*c\s*e,D\s*i\s*r\s*e\s*c\s*t\s*e\s*u\s*r\s* \s*d\s*e\s* \s*c\s*e\s*n\s*t\s*r\s*e\s* \s*d\s*e\s* \s*l\s*o\s*i\s*s\s*i\s*r\s*s,D\s*i\s*r\s*e\s*c\s*t\s*e\s*u\s*r\s* \s*d\s*e\s* \s*c\s*r\s*è\s*c\s*h\s*e,I\s*n\s*f\s*i\s*r\s*m\s*i\s*e\s*r\s* \s*c\s*r\s*è\s*c\s*h\s*e,S\s*T\s*A\s*G\s*E
A\s*n\s*i\s*m\s*a\s*t\s*e\s*u\s*r\s* \s*t\s*e\s*n\s*n\s*i\s*s,S\s*T\s*A\s*G\s*E
A\s*g\s*e\s*n\s*t\s* \s*d\s*e\s* \s*n\s*e\s*t\s*t\s*o\s*y\s*a\s*g\s*e,A\s*g\s*e\s*n\s*t\s* \s*d\s*e\s* \s*p\s*r\s*o\s*p\s*r\s*e\s*t\s*(é|e),A\s*g\s*e\s*n\s*t\s* \s*m\s*a\s*i\s*n\s*t\s*e\s*n\s*a\s*n\s*c\s*e\s* \s*b\s*â\s*t\s*i\s*m\s*e\s*n\s*t,E\s*m\s*p\s*l\s*o\s*y\s*(é|e)\s* \s*d\s*e\s* \s*n\s*e\s*t\s*t\s*o\s*y\s*a\s*g\s*e,L\s*a\s*v\s*e\s*u\s*r\s* \s*d\s*e\s* \s*v\s*i\s*t\s*r\s*e\s*s,O\s*u\s*v\s*r\s*i\s*e\s*r\s* \s*d\s*'\s*e\s*n\s*t\s*r\s*e\s*t\s*i\s*e\s*n,S\s*T\s*A\s*G\s*E
A\s*s\s*s\s*i\s*s\s*t\s*a\s*n\s*t\s* \s*r\s*e\s*c\s*r\s*u\s*t\s*e\s*m\s*e\s*n\s*t,A\s*s\s*s\s*i\s*s\s*t\s*a\s*n\s*t\s* \s*r\s*e\s*s\s*s\s*o\s*u\s*r\s*c\s*e\s*s\s* \s*h\s*u\s*m\s*a\s*i\s*n\s*e\s*s,C\s*h\s*a\s*r\s*g\s*(é|e)\s* \s*d\s*e\s* \s*m\s*i\s*s\s*s\s*i\s*o\s*n\s* \s*R\s*H,C\s*h\s*a\s*r\s*g\s*(é|e)\s* \s*d\s*e\s* \s*r\s*e\s*c\s*r\s*u\s*t\s*e\s*m\s*e\s*n\s*t,C\s*h\s*a\s*r\s*g\s*(é|e)\s* \s*d\s*e\s* \s*r\s*e\s*s\s*s\s*o\s*u\s*r\s*c\s*e\s*s\s* \s*h\s*u\s*m\s*a\s*i\s*n\s*e\s*s,C\s*h\s*e\s*f\s* \s*d\s*e\s* \s*p\s*r\s*o\s*j\s*e\s*t\s* \s*R\s*e\s*s\s*s\s*o\s*u\s*r\s*c\s*e\s*s\s* \s*H\s*u\s*m\s*a\s*i\s*n\s*e\s*s,C\s*h\s*e\s*f\s* \s*d\s*e\s* \s*p\s*r\s*o\s*j\s*e\s*t\s* \s*S\s*I\s*R\s*H,C\s*h\s*e\s*f\s* \s*d\s*u\s* \s*p\s*e\s*r\s*s\s*o\s*n\s*n\s*e\s*l,C\s*h\s*i\s*e\s*f\s* \s*h\s*a\s*p\s*p\s*i\s*n\s*e\s*s\s*s\s* \s*o\s*f\s*f\s*i\s*c\s*e\s*r,C\s*o\s*l\s*l\s*a\s*b\s*o\s*r\s*a\s*t\s*e\s*u\s*r\s* \s*s\s*o\s*c\s*i\s*a\s*l,C\s*o\s*n\s*s\s*e\s*i\s*l\s*l\s*e\s*r\s* \s*f\s*o\s*r\s*m\s*a\s*t\s*i\s*o\s*n,C\s*o\s*n\s*s\s*u\s*l\s*t\s*a\s*n\s*t\s* \s*e\s*n\s* \s*r\s*e\s*c\s*r\s*u\s*t\s*e\s*m\s*e\s*n\s*t,C\s*o\s*n\s*s\s*u\s*l\s*t\s*a\s*n\s*t\s* \s*e\s*n\s* \s*r\s*e\s*s\s*s\s*o\s*u\s*r\s*c\s*e\s*s\s* \s*h\s*u\s*m\s*a\s*i\s*n\s*e\s*s,C\s*o\s*n\s*s\s*u\s*l\s*t\s*a\s*n\s*t\s* \s*m\s*a\s*n\s*a\s*g\s*e\s*m\s*e\s*n\s*t,C\s*o\s*n\s*t\s*r\s*ô\s*l\s*e\s*u\s*r\s* \s*d\s*e\s* \s*g\s*e\s*s\s*t\s*i\s*o\s*n\s* \s*s\s*o\s*c\s*i\s*a\s*l\s*e,D\s*i\s*r\s*e\s*c\s*t\s*e\s*u\s*r\s* \s*d\s*e\s*s\s* \s*r\s*e\s*s\s*s\s*o\s*u\s*r\s*c\s*e\s*s\s* \s*h\s*u\s*m\s*a\s*i\s*n\s*e\s*s,E\s*r\s*g\s*o\s*n\s*o\s*m\s*e,G\s*e\s*s\s*t\s*i\s*o\s*n\s*n\s*a\s*i\s*r\s*e\s* \s*R\s*H,G\s*e\s*s\s*t\s*i\s*o\s*n\s*n\s*a\s*i\s*r\s*e\s* \s*d\s*e\s* \s*p\s*a\s*i\s*e,G\s*e\s*s\s*t\s*i\s*o\s*n\s*n\s*a\s*i\s*r\s*e\s* \s*d\s*u\s* \s*p\s*e\s*r\s*s\s*o\s*n\s*n\s*e\s*l,K\s*n\s*o\s*w\s*l\s*e\s*d\s*g\s*e\s* \s*m\s*a\s*n\s*a\s*g\s*e\s*r,L\s*e\s*a\s*n\s* \s*m\s*a\s*n\s*a\s*g\s*e\s*r,R\s*e\s*s\s*p\s*o\s*n\s*s\s*a\s*b\s*l\s*e\s* \s*f\s*o\s*r\s*m\s*a\s*t\s*i\s*o\s*n,R\s*e\s*s\s*p\s*o\s*n\s*s\s*a\s*b\s*l\s*e\s* \s*p\s*a\s*i\s*e,S\s*T\s*A\s*G\s*E
A\s*g\s*e\s*n\s*t\s* \s*d\s*e\s* \s*r\s*e\s*s\s*t\s*a\s*u\s*r\s*a\s*t\s*i\s*o\s*n,A\s*i\s*d\s*e\s*-\s*c\s*u\s*i\s*s\s*i\s*n\s*i\s*e\s*r,B\s*a\s*r\s*m\s*a\s*n,C\s*h\s*e\s*f\s* \s*c\s*u\s*i\s*s\s*i\s*n\s*i\s*e\s*r,C\s*h\s*e\s*f\s* \s*d\s*e\s* \s*p\s*a\s*r\s*t\s*i\s*e,C\s*h\s*e\s*f\s* \s*d\s*e\s* \s*r\s*a\s*n\s*g,C\s*h\s*e\s*f\s* \s*d\s*e\s* \s*s\s*e\s*c\s*t\s*e\s*u\s*r\s* \s*C\s*H\s*R,C\s*h\s*e\s*f\s* \s*g\s*(é|e)\s*r\s*a\s*n\s*t,C\s*h\s*e\s*f\s* \s*p\s*â\s*t\s*i\s*s\s*s\s*i\s*e\s*r,C\s*o\s*m\s*m\s*i\s*s\s* \s*d\s*e\s* \s*c\s*u\s*i\s*s\s*i\s*n\s*e,C\s*o\s*m\s*m\s*i\s*s\s* \s*d\s*e\s* \s*s\s*a\s*l\s*l\s*e,C\s*r\s*ê\s*p\s*i\s*e\s*r,C\s*u\s*i\s*s\s*i\s*n\s*i\s*e\s*r,C\s*u\s*i\s*s\s*i\s*n\s*i\s*e\s*r\s* \s*d\s*e\s* \s*c\s*o\s*l\s*l\s*e\s*c\s*t\s*i\s*v\s*i\s*t\s*(é|e),D\s*i\s*r\s*e\s*c\s*t\s*e\s*u\s*r\s* \s*d\s*e\s* \s*r\s*e\s*s\s*t\s*a\s*u\s*r\s*a\s*n\s*t,E\s*m\s*p\s*l\s*o\s*y\s*(é|e)\s* \s*p\s*o\s*l\s*y\s*v\s*a\s*l\s*e\s*n\s*t\s* \s*d\s*e\s* \s*r\s*e\s*s\s*t\s*a\s*u\s*r\s*a\s*t\s*i\s*o\s*n,G\s*r\s*i\s*l\s*l\s*a\s*r\s*d\s*i\s*n,L\s*i\s*v\s*r\s*e\s*u\s*r\s* \s*d\s*e\s* \s*p\s*i\s*z\s*z\s*a\s*s,M\s*a\s*n\s*a\s*g\s*e\s*r\s* \s*e\s*n\s* \s*r\s*e\s*s\s*t\s*a\s*u\s*r\s*a\s*t\s*i\s*o\s*n,M\s*a\s*î\s*t\s*r\s*e\s* \s*d\s*'\s*h\s*ô\s*t\s*e\s*l,O\s*e\s*n\s*o\s*l\s*o\s*g\s*u\s*e,P\s*l\s*o\s*n\s*g\s*e\s*u\s*r,P\s*â\s*t\s*i\s*s\s*s\s*i\s*e\s*r,S\s*e\s*c\s*o\s*n\s*d\s* \s*d\s*e\s* \s*c\s*u\s*i\s*s\s*i\s*n\s*e,S\s*e\s*r\s*v\s*e\s*u\s*r,S\s*o\s*m\s*m\s*e\s*l\s*i\s*e\s*r,S\s*T\s*A\s*G\s*E
A\s*S\s*H\s* \s*-\s* \s*A\s*g\s*e\s*n\s*t\s* \s*d\s*e\s* \s*s\s*e\s*r\s*v\s*i\s*c\s*e\s*s\s* \s*h\s*o\s*s\s*p\s*i\s*t\s*a\s*l\s*i\s*e\s*r\s*s,A\s*g\s*e\s*n\s*t\s* \s*d\s*e\s* \s*s\s*e\s*r\s*v\s*i\s*c\s*e\s* \s*m\s*a\s*i\s*s\s*o\s*n\s* \s*d\s*e\s* \s*r\s*e\s*t\s*r\s*a\s*i\s*t\s*e,A\s*g\s*e\s*n\s*t\s* \s*d\s*e\s* \s*s\s*t\s*(é|e)\s*r\s*i\s*l\s*i\s*s\s*a\s*t\s*i\s*o\s*n,A\s*i\s*d\s*e\s*-\s*s\s*o\s*i\s*g\s*n\s*a\s*n\s*t,A\s*m\s*b\s*u\s*l\s*a\s*n\s*c\s*i\s*e\s*r,A\s*n\s*e\s*s\s*t\s*h\s*(é|e)\s*s\s*i\s*s\s*t\s*e,A\s*s\s*s\s*i\s*s\s*t\s*a\s*n\s*t\s* \s*d\s*e\s*n\s*t\s*a\s*i\s*r\s*e,A\s*s\s*s\s*i\s*s\s*t\s*a\s*n\s*t\s* \s*m\s*(é|e)\s*d\s*i\s*c\s*a\s*l,A\s*s\s*s\s*i\s*s\s*t\s*a\s*n\s*t\s* \s*v\s*(é|e)\s*t\s*(é|e)\s*r\s*i\s*n\s*a\s*i\s*r\s*e,A\s*t\s*t\s*a\s*c\s*h\s*(é|e)\s* \s*d\s*e\s* \s*r\s*e\s*c\s*h\s*e\s*r\s*c\s*h\s*e\s* \s*c\s*l\s*i\s*n\s*i\s*q\s*u\s*e,A\s*u\s*d\s*i\s*o\s*p\s*r\s*o\s*t\s*h\s*(é|e)\s*s\s*i\s*s\s*t\s*e,A\s*u\s*x\s*i\s*l\s*i\s*a\s*i\s*r\s*e\s* \s*a\s*m\s*b\s*u\s*l\s*a\s*n\s*c\s*i\s*e\s*r,A\s*u\s*x\s*i\s*l\s*i\s*a\s*i\s*r\s*e\s* \s*d\s*e\s* \s*p\s*u\s*(é|e)\s*r\s*i\s*c\s*u\s*l\s*t\s*u\s*r\s*e,B\s*i\s*o\s*s\s*t\s*a\s*t\s*i\s*s\s*t\s*i\s*c\s*i\s*e\s*n,B\s*r\s*a\s*n\s*c\s*a\s*r\s*d\s*i\s*e\s*r,C\s*a\s*d\s*r\s*e\s* \s*d\s*e\s* \s*s\s*a\s*n\s*t\s*(é|e),C\s*a\s*d\s*r\s*e\s* \s*i\s*n\s*f\s*i\s*r\s*m\s*i\s*e\s*r,C\s*a\s*d\s*r\s*e\s* \s*s\s*u\s*p\s*(é|e)\s*r\s*i\s*e\s*u\s*r\s* \s*d\s*e\s* \s*s\s*a\s*n\s*t\s*(é|e),C\s*a\s*r\s*d\s*i\s*o\s*l\s*o\s*g\s*u\s*e,C\s*h\s*e\s*f\s* \s*d\s*e\s* \s*b\s*l\s*o\s*c,C\s*h\s*e\s*f\s* \s*d\s*e\s* \s*s\s*e\s*r\s*v\s*i\s*c\s*e,C\s*h\s*i\s*r\s*u\s*r\s*g\s*i\s*e\s*n,C\s*h\s*i\s*r\s*u\s*r\s*g\s*i\s*e\s*n\s* \s*o\s*r\s*t\s*h\s*o\s*p\s*(é|e)\s*d\s*i\s*s\s*t\s*e,D\s*e\s*n\s*t\s*i\s*s\s*t\s*e,D\s*e\s*r\s*m\s*a\s*t\s*o\s*l\s*o\s*g\s*u\s*e,D\s*i\s*r\s*e\s*c\s*t\s*e\s*u\s*r\s* \s*d\s*'\s*E\s*H\s*P\s*A\s*D,D\s*i\s*r\s*e\s*c\s*t\s*e\s*u\s*r\s* \s*d\s*'\s*(é|e)\s*t\s*a\s*b\s*l\s*i\s*s\s*s\s*e\s*m\s*e\s*n\s*t\s* \s*d\s*e\s* \s*s\s*a\s*n\s*t\s*(é|e),D\s*i\s*r\s*e\s*c\s*t\s*e\s*u\s*r\s* \s*d\s*e\s*s\s* \s*s\s*o\s*i\s*n\s*s,D\s*i\s*r\s*e\s*c\s*t\s*e\s*u\s*r\s* \s*m\s*(é|e)\s*d\s*i\s*c\s*o\s*-\s*s\s*o\s*c\s*i\s*a\s*l,D\s*i\s*(é|e)\s*t\s*(é|e)\s*t\s*i\s*c\s*i\s*e\s*n,E\s*n\s*d\s*o\s*c\s*r\s*i\s*n\s*o\s*l\s*o\s*g\s*u\s*e,E\s*r\s*g\s*o\s*t\s*h\s*(é|e)\s*r\s*a\s*p\s*e\s*u\s*t\s*e,G\s*a\s*s\s*t\s*r\s*o\s*-\s*e\s*n\s*t\s*(é|e)\s*r\s*o\s*l\s*o\s*g\s*u\s*e,G\s*y\s*n\s*(é|e)\s*c\s*o\s*l\s*o\s*g\s*u\s*e,I\s*n\s*f\s*i\s*r\s*m\s*i\s*e\s*r,I\s*n\s*f\s*i\s*r\s*m\s*i\s*e\s*r\s* \s*a\s*n\s*e\s*s\s*t\s*h\s*(é|e)\s*s\s*i\s*s\s*t\s*e,I\s*n\s*f\s*i\s*r\s*m\s*i\s*e\s*r\s* \s*a\s*u\s*x\s*i\s*l\s*i\s*a\s*i\s*r\s*e,I\s*n\s*f\s*i\s*r\s*m\s*i\s*e\s*r\s* \s*b\s*l\s*o\s*c\s* \s*o\s*p\s*(é|e)\s*r\s*a\s*t\s*o\s*i\s*r\s*e,I\s*n\s*f\s*i\s*r\s*m\s*i\s*e\s*r\s* \s*c\s*o\s*o\s*r\s*d\s*i\s*n\s*a\s*t\s*e\s*u\s*r,I\s*n\s*f\s*i\s*r\s*m\s*i\s*e\s*r\s* \s*d\s*i\s*a\s*l\s*y\s*s\s*e,I\s*n\s*f\s*i\s*r\s*m\s*i\s*e\s*r\s* \s*d\s*u\s* \s*s\s*e\s*c\s*t\s*e\s*u\s*r\s* \s*p\s*s\s*y\s*c\s*h\s*i\s*a\s*t\s*r\s*i\s*q\s*u\s*e,I\s*n\s*f\s*i\s*r\s*m\s*i\s*e\s*r\s* \s*e\s*h\s*p\s*a\s*d,I\s*n\s*f\s*i\s*r\s*m\s*i\s*e\s*r\s* \s*m\s*(é|e)\s*d\s*e\s*c\s*i\s*n\s*e\s* \s*d\s*u\s* \s*t\s*r\s*a\s*v\s*a\s*i\s*l,I\s*n\s*f\s*i\s*r\s*m\s*i\s*e\s*r\s* \s*u\s*r\s*g\s*e\s*n\s*c\s*e\s*s,I\s*n\s*f\s*i\s*r\s*m\s*i\s*è\s*r\s*e\s* \s*e\s*n\s* \s*e\s*n\s*t\s*r\s*e\s*p\s*r\s*i\s*s\s*e,I\s*n\s*f\s*i\s*r\s*m\s*i\s*è\s*r\s*e\s* \s*l\s*i\s*b\s*(é|e)\s*r\s*a\s*l\s*e,K\s*i\s*n\s*(é|e)\s*s\s*i\s*t\s*h\s*(é|e)\s*r\s*a\s*p\s*e\s*u\s*t\s*e,M\s*a\s*n\s*i\s*p\s*u\s*l\s*a\s*t\s*e\s*u\s*r\s* \s*e\s*n\s* \s*r\s*a\s*d\s*i\s*o\s*l\s*o\s*g\s*i\s*e,M\s*a\s*s\s*s\s*e\s*u\s*r\s* \s*k\s*i\s*n\s*(é|e)\s*s\s*i\s*t\s*h\s*(é|e)\s*r\s*a\s*p\s*e\s*u\s*t\s*e,M\s*(é|e)\s*d\s*e\s*c\s*i\s*n\s* \s*c\s*o\s*o\s*r\s*d\s*i\s*n\s*a\s*t\s*e\s*u\s*r,M\s*(é|e)\s*d\s*e\s*c\s*i\s*n\s* \s*d\s*u\s* \s*t\s*r\s*a\s*v\s*a\s*i\s*l,M\s*(é|e)\s*d\s*e\s*c\s*i\s*n\s* \s*g\s*(é|e)\s*n\s*(é|e)\s*r\s*a\s*l\s*i\s*s\s*t\s*e,M\s*(é|e)\s*d\s*e\s*c\s*i\s*n\s* \s*g\s*(é|e)\s*r\s*i\s*a\s*t\s*r\s*e,M\s*(é|e)\s*d\s*e\s*c\s*i\s*n\s* \s*u\s*r\s*g\s*e\s*n\s*t\s*i\s*s\s*t\s*e,N\s*e\s*u\s*r\s*o\s*c\s*h\s*i\s*r\s*u\s*r\s*g\s*i\s*e\s*n,N\s*e\s*u\s*r\s*o\s*l\s*o\s*g\s*u\s*e,N\s*e\s*u\s*r\s*o\s*p\s*s\s*y\s*c\s*h\s*o\s*l\s*o\s*g\s*u\s*e,N\s*u\s*t\s*r\s*i\s*t\s*i\s*o\s*n\s*n\s*i\s*s\s*t\s*e,N\s*(é|e)\s*p\s*h\s*r\s*o\s*l\s*o\s*g\s*u\s*e,O\s*n\s*c\s*o\s*l\s*o\s*g\s*u\s*e,O\s*p\s*h\s*t\s*a\s*l\s*m\s*o\s*l\s*o\s*g\s*u\s*e,O\s*p\s*t\s*o\s*m\s*(é|e)\s*t\s*r\s*i\s*s\s*t\s*e,O\s*r\s*t\s*h\s*o\s*p\s*h\s*o\s*n\s*i\s*s\s*t\s*e,O\s*s\s*t\s*(é|e)\s*o\s*p\s*a\s*t\s*h\s*e,P\s*h\s*a\s*r\s*m\s*a\s*c\s*i\s*e\s*n,P\s*h\s*a\s*r\s*m\s*a\s*c\s*i\s*e\s*n\s* \s*h\s*o\s*s\s*p\s*i\s*t\s*a\s*l\s*i\s*e\s*r,P\s*o\s*d\s*o\s*l\s*o\s*g\s*u\s*e,P\s*r\s*o\s*f\s*e\s*s\s*s\s*e\s*u\s*r\s* \s*d\s*e\s* \s*y\s*o\s*g\s*a,P\s*r\s*(é|e)\s*p\s*a\s*r\s*a\s*t\s*e\s*u\s*r\s* \s*e\s*n\s* \s*p\s*h\s*a\s*r\s*m\s*a\s*c\s*i\s*e,P\s*s\s*y\s*c\s*h\s*i\s*a\s*t\s*r\s*e,P\s*s\s*y\s*c\s*h\s*o\s*l\s*o\s*g\s*u\s*e,P\s*s\s*y\s*c\s*h\s*o\s*l\s*o\s*g\s*u\s*e\s* \s*c\s*l\s*i\s*n\s*i\s*c\s*i\s*e\s*n,P\s*s\s*y\s*c\s*h\s*o\s*l\s*o\s*g\s*u\s*e\s* \s*d\s*u\s* \s*t\s*r\s*a\s*v\s*a\s*i\s*l,P\s*s\s*y\s*c\s*h\s*o\s*m\s*o\s*t\s*r\s*i\s*c\s*i\s*e\s*n,P\s*(é|e)\s*d\s*i\s*a\s*t\s*r\s*e,R\s*a\s*d\s*i\s*o\s*l\s*o\s*g\s*u\s*e,S\s*a\s*g\s*e\s*-\s*f\s*e\s*m\s*m\s*e,S\s*e\s*c\s*r\s*(é|e)\s*t\s*a\s*i\s*r\s*e\s* \s*d\s*e\s*n\s*t\s*a\s*i\s*r\s*e,S\s*o\s*p\s*h\s*r\s*o\s*l\s*o\s*g\s*u\s*e,T\s*e\s*c\s*h\s*n\s*i\s*c\s*i\s*e\s*n\s* \s*b\s*i\s*o\s*m\s*(é|e)\s*d\s*i\s*c\s*a\s*l,U\s*r\s*o\s*l\s*o\s*g\s*u\s*e,V\s*i\s*s\s*i\s*t\s*e\s*u\s*r\s* \s*m\s*(é|e)\s*d\s*i\s*c\s*a\s*l,V\s*(é|e)\s*t\s*(é|e)\s*r\s*i\s*n\s*a\s*i\s*r\s*e,S\s*T\s*A\s*G\s*E
A\s*s\s*s\s*i\s*s\s*t\s*a\s*n\s*t\s* \s*s\s*e\s*c\s*r\s*(é|e)\s*t\s*a\s*i\s*r\s*e,S\s*e\s*c\s*r\s*(é|e)\s*t\s*a\s*i\s*r\s*e,S\s*e\s*c\s*r\s*(é|e)\s*t\s*a\s*i\s*r\s*e\s* \s*a\s*d\s*m\s*i\s*n\s*i\s*s\s*t\s*r\s*a\s*t\s*i\s*f,S\s*e\s*c\s*r\s*(é|e)\s*t\s*a\s*i\s*r\s*e\s* \s*c\s*o\s*m\s*m\s*e\s*r\s*c\s*i\s*a\s*l,S\s*e\s*c\s*r\s*(é|e)\s*t\s*a\s*i\s*r\s*e\s* \s*d\s*e\s* \s*d\s*i\s*r\s*e\s*c\s*t\s*i\s*o\s*n,S\s*e\s*c\s*r\s*(é|e)\s*t\s*a\s*i\s*r\s*e\s* \s*m\s*(é|e)\s*d\s*i\s*c\s*a\s*l\s*e,T\s*(é|e)\s*l\s*(é|e)\s*s\s*e\s*c\s*r\s*(é|e)\s*t\s*a\s*i\s*r\s*e,S\s*T\s*A\s*G\s*E
A\s*g\s*e\s*n\s*t\s* \s*c\s*y\s*n\s*o\s*p\s*h\s*i\s*l\s*e\s* \s*s\s*(é|e)\s*c\s*u\s*r\s*i\s*t\s*(é|e),A\s*g\s*e\s*n\s*t\s* \s*d\s*e\s* \s*s\s*u\s*r\s*v\s*e\s*i\s*l\s*l\s*a\s*n\s*c\s*e,A\s*g\s*e\s*n\s*t\s* \s*d\s*e\s* \s*s\s*(é|e)\s*c\s*u\s*r\s*i\s*t\s*(é|e),A\s*g\s*e\s*n\s*t\s* \s*d\s*e\s* \s*s\s*(é|e)\s*c\s*u\s*r\s*i\s*t\s*(é|e)\s* \s*i\s*n\s*c\s*e\s*n\s*d\s*i\s*e,A\s*n\s*i\s*m\s*a\s*t\s*e\s*u\s*r\s* \s*s\s*(é|e)\s*c\s*u\s*r\s*i\s*t\s*(é|e),C\s*o\s*n\s*v\s*o\s*y\s*e\s*u\s*r\s* \s*d\s*e\s* \s*f\s*o\s*n\s*d\s*s,D\s*(é|e)\s*t\s*e\s*c\s*t\s*i\s*v\s*e,G\s*a\s*r\s*d\s*e\s* \s*d\s*u\s* \s*c\s*o\s*r\s*p\s*s,G\s*a\s*r\s*d\s*i\s*e\s*n,G\s*a\s*r\s*d\s*i\s*e\s*n\s* \s*d\s*e\s* \s*l\s*a\s* \s*p\s*a\s*i\s*x,G\s*e\s*n\s*d\s*a\s*r\s*m\s*e,O\s*p\s*(é|e)\s*r\s*a\s*t\s*e\s*u\s*r\s* \s*t\s*(é|e)\s*l\s*(é|e)\s*s\s*u\s*r\s*v\s*e\s*i\s*l\s*l\s*a\s*n\s*c\s*e,R\s*e\s*s\s*p\s*o\s*n\s*s\s*a\s*b\s*l\s*e\s* \s*s\s*(é|e)\s*c\s*u\s*r\s*i\s*t\s*(é|e),S\s*a\s*p\s*e\s*u\s*r\s*-\s*P\s*o\s*m\s*p\s*i\s*e\s*r,S\s*e\s*c\s*o\s*u\s*r\s*i\s*s\s*t\s*e,S\s*T\s*A\s*G\s*E
A\s*g\s*e\s*n\s*t\s* \s*d\s*'\s*a\s*c\s*c\s*u\s*e\s*i\s*l,A\s*s\s*s\s*i\s*s\s*t\s*a\s*n\s*t\s* \s*p\s*e\s*r\s*s\s*o\s*n\s*n\s*e\s*l,E\s*t\s*a\s*l\s*a\s*g\s*i\s*s\s*t\s*e,H\s*o\s*t\s*l\s*i\s*n\s*e\s*r,P\s*è\s*r\s*e\s* \s*N\s*o\s*ë\s*l,R\s*(é|e)\s*d\s*a\s*c\s*t\s*e\s*u\s*r\s* \s*t\s*e\s*c\s*h\s*n\s*i\s*q\s*u\s*e,T\s*e\s*c\s*h\s*n\s*i\s*c\s*i\s*e\s*n\s* \s*S\s*A\s*V,T\s*o\s*i\s*l\s*e\s*t\s*t\s*e\s*u\s*r,S\s*T\s*A\s*G\s*E
A\s*i\s*d\s*e\s* \s*m\s*(é|e)\s*n\s*a\s*g\s*è\s*r\s*e\s* \s*à\s* \s*d\s*o\s*m\s*i\s*c\s*i\s*l\s*e,A\s*i\s*d\s*e\s* \s*à\s* \s*d\s*o\s*m\s*i\s*c\s*i\s*l\s*e,B\s*a\s*b\s*y\s* \s*s\s*i\s*t\s*t\s*e\s*r,C\s*h\s*e\s*f\s* \s*d\s*'\s*(é|e)\s*q\s*u\s*i\s*p\s*e\s* \s*p\s*r\s*o\s*p\s*r\s*e\s*t\s*(é|e),C\s*o\s*a\s*c\s*h\s* \s*p\s*r\s*o\s*f\s*e\s*s\s*s\s*i\s*o\s*n\s*n\s*e\s*l,C\s*o\s*i\s*f\s*f\s*e\s*u\s*r,C\s*o\s*n\s*c\s*i\s*e\s*r\s*g\s*e,D\s*(é|e)\s*m\s*(é|e)\s*n\s*a\s*g\s*e\s*u\s*r,E\s*m\s*p\s*l\s*o\s*y\s*(é|e)\s* \s*f\s*a\s*m\s*i\s*l\s*i\s*a\s*l,E\s*m\s*p\s*l\s*o\s*y\s*(é|e)\s* \s*p\s*r\s*e\s*s\s*s\s*i\s*n\s*g,E\s*s\s*t\s*h\s*(é|e)\s*t\s*i\s*c\s*i\s*e\s*n,F\s*e\s*m\s*m\s*e\s* \s*d\s*e\s* \s*m\s*(é|e)\s*n\s*a\s*g\s*e,G\s*a\s*r\s*d\s*e\s* \s*d\s*'\s*a\s*n\s*i\s*m\s*a\s*u\s*x,G\s*a\s*r\s*d\s*i\s*e\s*n\s* \s*d\s*'\s*i\s*m\s*m\s*e\s*u\s*b\s*l\s*e,M\s*a\s*q\s*u\s*i\s*l\s*l\s*e\s*u\s*r,R\s*e\s*p\s*a\s*s\s*s\s*e\s*u\s*r,T\s*h\s*a\s*n\s*a\s*t\s*o\s*p\s*r\s*a\s*c\s*t\s*e\s*u\s*r,S\s*T\s*A\s*G\s*E
A\s*i\s*d\s*e\s* \s*m\s*(é|e)\s*d\s*i\s*c\s*o\s*-\s*p\s*s\s*y\s*c\s*h\s*o\s*l\s*o\s*g\s*i\s*q\s*u\s*e,A\s*n\s*i\s*m\s*a\s*t\s*e\s*u\s*r\s* \s*m\s*a\s*i\s*s\s*o\s*n\s* \s*r\s*e\s*t\s*r\s*a\s*i\s*t\s*e,A\s*s\s*s\s*i\s*s\s*t\s*a\s*n\s*t\s* \s*d\s*e\s* \s*s\s*e\s*r\s*v\s*i\s*c\s*e\s* \s*s\s*o\s*c\s*i\s*a\s*l,A\s*u\s*x\s*i\s*l\s*i\s*a\s*i\s*r\s*e\s* \s*d\s*e\s* \s*v\s*i\s*e\s* \s*s\s*o\s*c\s*i\s*a\s*l\s*e\s* \s*-\s* \s*A\s*V\s*S,C\s*o\s*n\s*s\s*e\s*i\s*l\s*l\s*e\s*r\s* \s*e\s*n\s* \s*i\s*n\s*s\s*e\s*r\s*t\s*i\s*o\s*n\s* \s*p\s*r\s*o\s*f\s*e\s*s\s*s\s*i\s*o\s*n\s*n\s*e\s*l\s*l\s*e,C\s*o\s*n\s*s\s*e\s*i\s*l\s*l\s*e\s*r\s* \s*e\s*n\s* \s*(é|e)\s*c\s*o\s*n\s*o\s*m\s*i\s*e\s* \s*s\s*o\s*c\s*i\s*a\s*l\s*e\s* \s*e\s*t\s* \s*f\s*a\s*m\s*i\s*l\s*i\s*a\s*l\s*e,C\s*o\s*n\s*s\s*e\s*i\s*l\s*l\s*e\s*r\s* \s*s\s*o\s*c\s*i\s*a\s*l,C\s*o\s*o\s*r\s*d\s*i\s*n\s*a\s*t\s*e\s*u\s*r\s* \s*s\s*o\s*c\s*i\s*a\s*l,D\s*i\s*r\s*e\s*c\s*t\s*e\s*u\s*r\s* \s*E\s*S\s*A\s*T,D\s*i\s*r\s*e\s*c\s*t\s*e\s*u\s*r\s* \s*a\s*d\s*j\s*o\s*i\s*n\s*t\s* \s*E\s*S\s*A\s*T,E\s*d\s*u\s*c\s*a\s*t\s*e\s*u\s*r,I\s*n\s*t\s*e\s*r\s*v\s*e\s*n\s*a\s*n\s*t\s* \s*a\s*c\s*t\s*i\s*o\s*n\s* \s*s\s*o\s*c\s*i\s*a\s*l\s*e,M\s*o\s*n\s*i\s*t\s*e\s*u\s*r\s* \s*d\s*'\s*a\s*t\s*e\s*l\s*i\s*e\s*r,M\s*o\s*n\s*i\s*t\s*e\s*u\s*r\s* \s*(é|e)\s*d\s*u\s*c\s*a\s*t\s*e\s*u\s*r,(É|e)\s*d\s*u\s*c\s*a\s*t\s*e\s*u\s*r\s* \s*s\s*p\s*(é|e)\s*c\s*i\s*a\s*l\s*i\s*s\s*(é|e),S\s*T\s*A\s*G\s*E
A\s*d\s*m\s*i\s*n\s*i\s*s\s*t\s*r\s*a\s*t\s*e\s*u\s*r\s* \s*r\s*(é|e)\s*s\s*e\s*a\s*u,I\s*n\s*g\s*(é|e)\s*n\s*i\s*e\s*u\s*r\s* \s*r\s*a\s*d\s*i\s*o,I\s*n\s*g\s*(é|e)\s*n\s*i\s*e\s*u\s*r\s* \s*r\s*(é|e)\s*s\s*e\s*a\s*u,I\s*n\s*g\s*(é|e)\s*n\s*i\s*e\s*u\s*r\s* \s*t\s*(é|e)\s*l\s*(é|e)\s*c\s*o\s*m,T\s*e\s*c\s*h\s*n\s*i\s*c\s*i\s*e\s*n\s* \s*f\s*i\s*b\s*r\s*e\s* \s*o\s*p\s*t\s*i\s*q\s*u\s*e,T\s*e\s*c\s*h\s*n\s*i\s*c\s*i\s*e\s*n\s* \s*r\s*(é|e)\s*s\s*e\s*a\s*u,i\s*n\s*g\s*(é|e)\s*n\s*i\s*e\s*u\s*r\s* \s* \s*h\s*y\s*p\s*e\s*r\s*f\s*r\s*(é|e)\s*q\s*u\s*e\s*n\s*c\s*e\s*s,S\s*T\s*A\s*G\s*E
A\s*c\s*c\s*o\s*m\s*p\s*a\s*g\s*n\s*a\s*t\s*e\s*u\s*r\s* \s*m\s*o\s*n\s*t\s*a\s*g\s*n\s*e,A\s*c\s*c\s*o\s*m\s*p\s*a\s*g\s*n\s*a\s*t\s*e\s*u\s*r\s* \s*t\s*o\s*u\s*r\s*i\s*s\s*m\s*e\s* \s*(é|e)\s*q\s*u\s*e\s*s\s*t\s*r\s*e,A\s*g\s*e\s*n\s*t\s* \s*d\s*e\s* \s*c\s*o\s*m\s*p\s*t\s*o\s*i\s*r,A\s*g\s*e\s*n\s*t\s* \s*d\s*e\s* \s*d\s*(é|e)\s*v\s*e\s*l\s*o\s*p\s*p\s*e\s*m\s*e\s*n\s*t\s* \s*t\s*o\s*u\s*r\s*i\s*s\s*t\s*i\s*q\s*u\s*e,A\s*g\s*e\s*n\s*t\s* \s*d\s*e\s* \s*r\s*(é|e)\s*s\s*e\s*r\s*v\s*a\s*t\s*i\s*o\s*n,A\s*g\s*e\s*n\s*t\s* \s*d\s*e\s* \s*v\s*o\s*y\s*a\s*g\s*e,A\s*n\s*i\s*m\s*a\s*t\s*e\s*u\s*r\s* \s*t\s*o\s*u\s*r\s*i\s*s\s*m\s*e,A\s*n\s*i\s*m\s*a\s*t\s*e\s*u\s*r\s* \s*v\s*i\s*l\s*l\s*a\s*g\s*e\s* \s*v\s*a\s*c\s*a\s*n\s*c\s*e\s*s,B\s*i\s*l\s*l\s*e\s*t\s*t\s*i\s*s\s*t\s*e,C\s*o\s*n\s*s\s*e\s*i\s*l\s*l\s*e\s*r\s* \s*v\s*o\s*y\s*a\s*g\s*e\s*s,D\s*i\s*r\s*e\s*c\s*t\s*e\s*u\s*r\s* \s*c\s*e\s*n\s*t\s*r\s*e\s* \s*d\s*e\s* \s*v\s*a\s*c\s*a\s*n\s*c\s*e\s*s,F\s*o\s*r\s*f\s*a\s*i\s*t\s*i\s*s\s*t\s*e,G\s*u\s*i\s*d\s*e\s* \s*t\s*o\s*u\s*r\s*i\s*s\s*t\s*i\s*q\s*u\s*e,M\s*o\s*n\s*i\s*t\s*e\s*u\s*r\s* \s*d\s*e\s* \s*s\s*k\s*i,S\s*p\s*a\s* \s*m\s*a\s*n\s*a\s*g\s*e\s*r,S\s*T\s*A\s*G\s*E
A\s*g\s*e\s*n\s*t\s* \s*a\s*(é|e)\s*r\s*o\s*p\s*o\s*r\s*t\s*u\s*a\s*i\s*r\s*e,A\s*g\s*e\s*n\s*t\s* \s*d\s*'\s*e\s*s\s*c\s*a\s*l\s*e,A\s*g\s*e\s*n\s*t\s* \s*d\s*'\s*e\s*x\s*p\s*l\s*o\s*i\s*t\s*a\s*t\s*i\s*o\s*n\s* \s*t\s*r\s*a\s*n\s*s\s*p\s*o\s*r\s*t\s* \s*e\s*t\s* \s*l\s*o\s*g\s*i\s*s\s*t\s*i\s*q\s*u\s*e,A\s*g\s*e\s*n\s*t\s* \s*d\s*e\s* \s*p\s*i\s*s\s*t\s*e,A\s*g\s*e\s*n\s*t\s* \s*d\s*e\s* \s*t\s*r\s*a\s*f\s*i\s*c\s* \s*a\s*(é|e)\s*r\s*i\s*e\s*n,A\s*g\s*e\s*n\s*t\s* \s*s\s*û\s*r\s*e\s*t\s*(é|e)\s* \s*a\s*(é|e)\s*r\s*o\s*p\s*o\s*r\s*t\s*u\s*a\s*i\s*r\s*e,A\s*r\s*c\s*h\s*i\s*t\s*e\s*c\s*t\s*e\s* \s*n\s*a\s*v\s*a\s*l,B\s*a\s*g\s*a\s*g\s*i\s*s\s*t\s*e,C\s*h\s*a\s*u\s*f\s*f\s*e\s*u\s*r\s* \s*V\s*T\s*C,C\s*h\s*a\s*u\s*f\s*f\s*e\s*u\s*r\s* \s*d\s*'\s*a\s*u\s*t\s*o\s*c\s*a\s*r,C\s*h\s*a\s*u\s*f\s*f\s*e\s*u\s*r\s* \s*d\s*e\s* \s*b\s*u\s*s,C\s*h\s*a\s*u\s*f\s*f\s*e\s*u\s*r\s* \s*d\s*e\s* \s*d\s*i\s*r\s*e\s*c\s*t\s*i\s*o\s*n,C\s*h\s*a\s*u\s*f\s*f\s*e\s*u\s*r\s* \s*d\s*e\s* \s*t\s*a\s*x\s*i,C\s*h\s*a\s*u\s*f\s*f\s*e\s*u\s*r\s* \s*l\s*i\s*v\s*r\s*e\s*u\s*r,C\s*h\s*a\s*u\s*f\s*f\s*e\s*u\s*r\s* \s*p\s*r\s*i\s*v\s*(é|e),C\s*h\s*a\s*u\s*f\s*f\s*e\s*u\s*r\s* \s*r\s*o\s*u\s*t\s*i\s*e\s*r,C\s*h\s*e\s*f\s* \s*d\s*e\s* \s*q\s*u\s*a\s*r\s*t,C\s*o\s*n\s*t\s*r\s*ô\s*l\s*e\s*u\s*r\s* \s*a\s*(é|e)\s*r\s*i\s*e\s*n,C\s*o\s*n\s*v\s*o\s*y\s*e\s*u\s*r\s* \s*d\s*e\s* \s*v\s*(é|e)\s*h\s*i\s*c\s*u\s*l\s*e\s*s,D\s*i\s*r\s*e\s*c\s*t\s*e\s*u\s*r\s* \s*t\s*r\s*a\s*n\s*s\s*p\s*o\s*r\s*t,D\s*o\s*c\s*k\s*e\s*r,D\s*(é|e)\s*c\s*l\s*a\s*r\s*a\s*n\s*t\s* \s*e\s*n\s* \s*d\s*o\s*u\s*a\s*n\s*e,F\s*o\s*r\s*m\s*a\s*t\s*e\s*u\s*r\s* \s*c\s*o\s*n\s*d\s*u\s*i\s*t\s*e,H\s*ô\s*t\s*e\s*s\s*s\s*e\s* \s*d\s*e\s* \s*l\s*'\s*a\s*i\s*r,I\s*n\s*g\s*(é|e)\s*n\s*i\s*e\s*u\s*r\s* \s*a\s*(é|e)\s*r\s*o\s*d\s*y\s*n\s*a\s*m\s*i\s*q\s*u\s*e,I\s*n\s*g\s*(é|e)\s*n\s*i\s*e\s*u\s*r\s* \s*s\s*i\s*g\s*n\s*a\s*l\s*i\s*s\s*a\s*t\s*i\s*o\s*n\s* \s*f\s*e\s*r\s*r\s*o\s*v\s*i\s*a\s*i\s*r\s*e,M\s*a\s*g\s*a\s*s\s*i\s*n\s*i\s*e\s*r\s* \s*a\s*(é|e)\s*r\s*o\s*n\s*a\s*u\s*t\s*i\s*q\s*u\s*e,M\s*o\s*n\s*t\s*e\s*u\s*r\s* \s*d\s*e\s* \s*p\s*n\s*e\s*u\s*s,M\s*(é|e)\s*c\s*a\s*n\s*i\s*c\s*i\s*e\s*n\s* \s*a\s*(é|e)\s*r\s*o\s*n\s*a\s*u\s*t\s*i\s*q\s*u\s*e,P\s*i\s*l\s*o\s*t\s*e\s* \s*d\s*'\s*a\s*v\s*i\s*o\s*n,R\s*e\s*s\s*p\s*o\s*n\s*s\s*a\s*b\s*l\s*e\s* \s*t\s*r\s*a\s*n\s*s\s*p\s*o\s*r\s*t,S\s*T\s*A\s*G\s*E
A\s*s\s*s\s*i\s*s\s*t\s*a\s*n\s*t\s* \s*a\s*d\s*m\s*i\s*n\s*i\s*s\s*t\s*r\s*a\s*t\s*i\s*o\s*n\s* \s*d\s*e\s*s\s* \s*v\s*e\s*n\s*t\s*e\s*s,C\s*a\s*i\s*s\s*s\s*i\s*e\s*r,C\s*h\s*e\s*f\s* \s*d\s*e\s*s\s* \s*v\s*e\s*n\s*t\s*e\s*s\s* \s*r\s*(é|e)\s*g\s*i\s*o\s*n\s*a\s*l,C\s*o\s*n\s*c\s*e\s*p\s*t\s*e\s*u\s*r\s* \s*v\s*e\s*n\s*d\s*e\s*u\s*r,C\s*o\s*n\s*s\s*e\s*i\s*l\s*l\s*e\s*r\s* \s*b\s*e\s*a\s*u\s*t\s*(é|e),C\s*o\s*o\s*r\s*d\s*i\s*n\s*a\s*t\s*e\s*u\s*r\s* \s*d\s*e\s*s\s* \s*v\s*e\s*n\s*t\s*e\s*s,D\s*i\s*r\s*e\s*c\s*t\s*e\s*u\s*r\s* \s*d\s*e\s* \s*f\s*i\s*l\s*i\s*a\s*l\s*e,D\s*(é|e)\s*l\s*(é|e)\s*g\s*u\s*(é|e)\s* \s*p\s*h\s*a\s*r\s*m\s*a\s*c\s*e\s*u\s*t\s*i\s*q\s*u\s*e,F\s*o\s*r\s*m\s*a\s*t\s*e\s*u\s*r\s* \s*v\s*e\s*n\s*t\s*e,G\s*e\s*s\s*t\s*i\s*o\s*n\s*n\s*a\s*i\s*r\s*e\s* \s*a\s*d\s*m\s*i\s*n\s*i\s*s\s*t\s*r\s*a\s*t\s*i\s*o\s*n\s* \s*d\s*e\s*s\s* \s*v\s*e\s*n\s*t\s*e\s*s,M\s*a\s*n\s*a\s*g\s*e\s*r\s* \s*d\s*e\s*s\s* \s*v\s*e\s*n\s*t\s*e\s*s,P\s*r\s*o\s*d\s*u\s*c\s*t\s* \s*o\s*w\s*n\s*e\s*r,T\s*(é|e)\s*l\s*(é|e)\s* \s*p\s*r\s*o\s*s\s*p\s*e\s*c\s*t\s*e\s*u\s*r,T\s*(é|e)\s*l\s*(é|e)\s*v\s*e\s*n\s*d\s*e\s*u\s*r,V\s*e\s*n\s*d\s*e\s*u\s*r,V\s*e\s*n\s*d\s*e\s*u\s*r\s* \s*a\s*n\s*i\s*m\s*a\s*l\s*e\s*r\s*i\s*e,V\s*e\s*n\s*d\s*e\s*u\s*r\s* \s*a\s*u\s*t\s*o\s*m\s*o\s*b\s*i\s*l\s*e,V\s*e\s*n\s*d\s*e\s*u\s*r\s* \s*j\s*e\s*u\s*x\s* \s*v\s*i\s*d\s*e\s*o,V\s*e\s*n\s*d\s*e\s*u\s*r\s* \s*m\s*o\s*t\s*o,V\s*e\s*n\s*d\s*e\s*u\s*r\s* \s*m\s*u\s*l\s*t\s*i\s*m\s*(é|e)\s*d\s*i\s*a,S\s*T\s*A\s*G\s*E
